Workbook

Sheet רשימת עובדים
A1: 📋 רשימת עובדים ותעריפים
A2: ⚠️ מלא את המשכורות החודשיות - התעריף היומי יחושב אוטומטית
A3: שם עובד | B3: משכורת חודשית | C3: תעריף יומי | D3: הערות
A4: אוראל שווקי | B4: 19000 | C4: =IF(B4="","",B4/21.67) -> 876.78819
A5: אורי אשתר | C5: =IF(B5="","",B5/21.67)
A6: אייל מלח | B6: 17359 | C6: =IF(B6="","",B6/21.67) -> 801.06138
A7: אריאל אליה | B7: 19000 | C7: =IF(B7="","",B7/21.67) -> 876.78819
A8: דניאל בנדרימר | B8: 14707 | C8: =IF(B8="","",B8/21.67) -> 678.6802
A9: חיים ראש | B9: 20866 | C9: =IF(B9="","",B9/21.67) -> 962.89802
A10: יום טוב מוסארי | B10: 25573 | C10: =IF(B10="","",B10/21.67) -> 1180.1108
A11: יורם שלמה | B11: 23996 | C11: =IF(B11="","",B11/21.67) -> 1107.3373
A12: יענקל מונטבולינסקי | C12: =IF(B12="","",B12/21.67)
A13: לאון שמייב | B13: 13000 | C13: =IF(B13="","",B13/21.67) -> 599.90771
A14: לוי דור | B14: 16130 | C14: =IF(B14="","",B14/21.67) -> 744.34702
A15: מנפרד מרקוביץ' | B15: 18331 | C15: =IF(B15="","",B15/21.67) -> 845.91601
A16: משה בורך | B16: 18824 | C16: =IF(B16="","",B16/21.67) -> 868.66636
A17: משה פינץ | C17: =IF(B17="","",B17/21.67)
A18: נתן פרדר | B18: 19300 | C18: =IF(B18="","",B18/21.67) -> 890.63221
A19: צחי חנגל | B19: 15800 | C19: =IF(B19="","",B19/21.67) -> 729.1186
A20: רפאל שועה | C20: =IF(B20="","",B20/21.67)

Sheet תשלומי מילואים
A1: נתוני מילואים | D1: חישוב תשלום החברה | H1: ביטוח לאומי (למילוי) | K1: הפרשים | L1: תשלום לעובד (למילוי)
A2: שם עובד | B2: מחלקה | C2: חודש מילואים | D2: סה"כ ימים | E2: ימי עבודה | F2: סוג חישוב | G2: שילמה החברה | H2: ימי שירות ביטוח לאומי | I2: תקבול ביטוח לאומי | J2: חודש תקבול | K2: הפרשים לתשלום | L2: שולם בתלוש | M2: חודש תלוש | N2: סטטוס
A3: אוראל שווקי | B3: רפאל | C3: 2025-03 | D3: 1 | E3: 1 | F3: =IF(D3>21.67,"חודשי","יומי") -> יומי | G3: =IF(F3="חודשי",VLOOKUP(A3,'רשימת עובדים'!$A$4:$C$100,2,FALSE),VLOOKUP(A3,'רשימת עובדים'!$A$4:$C$100,3,FALSE)*E3) -> 876.78819 | K3: =IF(I3="","",G3-I3) | N3: ממתין לתקבול
A4: אורי אשתר | B4: מל"מ | C4: 2025-09 | D4: 17 | E4: 13 | F4: =IF(D4>21.67,"חודשי","יומי") -> יומי | G4: =IF(F4="חודשי",VLOOKUP(A4,'רשימת עובדים'!$A$4:$C$100,2,FALSE),VLOOKUP(A4,'רשימת עובדים'!$A$4:$C$100,3,FALSE)*E4) -> #VALUE! | K4: =IF(I4="","",G4-I4) | N4: ממתין לתקבול
A5: אייל מלח | B5: רפאל | C5: 2025-01 | D5: 3 | E5: 3 | F5: =IF(D5>21.67,"חודשי","יומי") -> יומי | G5: =IF(F5="חודשי",VLOOKUP(A5,'רשימת עובדים'!$A$4:$C$100,2,FALSE),VLOOKUP(A5,'רשימת עובדים'!$A$4:$C$100,3,FALSE)*E5) -> 2403.1841 | K5: =IF(I5="","",G5-I5) | N5: ממתין לתקבול
A6: אייל מלח | B6: רפאל | C6: 2025-05 | D6: 3 | E6: 3 | F6: =IF(D6>21.67,"חודשי","יומי") -> יומי | G6: =IF(F6="חודשי",VLOOKUP(A6,'רשימת עובדים'!$A$4:$C$100,2,FALSE),VLOOKUP(A6,'רשימת עובדים'!$A$4:$C$100,3,FALSE)*E6) -> 2403.1841 | K6: =IF(I6="","",G6-I6) | N6: ממתין לתקבול
A7: אייל מלח | B7: רפאל | C7: 2025-06 | D7: 15 | E7: 11 | F7: =IF(D7>21.67,"חודשי","יומי") -> יומי | G7: =IF(F7="חודשי",VLOOKUP(A7,'רשימת עובדים'!$A$4:$C$100,2,FALSE),VLOOKUP(A7,'רשימת עובדים'!$A$4:$C$100,3,FALSE)*E7) -> 8811.6751 | K7: =IF(I7="","",G7-I7) | N7: ממתין לתקבול
A8: אייל מלח | B8: רפאל | C8: 2025-07 | D8: 3 | E8: 3 | F8: =IF(D8>21.67,"חודשי","יומי") -> יומי | G8: =IF(F8="חודשי",VLOOKUP(A8,'רשימת עובדים'!$A$4:$C$100,2,FALSE),VLOOKUP(A8,'רשימת עובדים'!$A$4:$C$100,3,FALSE)*E8) -> 2403.1841 | K8: =IF(I8="","",G8-I8) | N8: ממתין לתקבול
A9: אייל מלח | B9: רפאל | C9: 2025-09 | D9: 4 | E9: 2 | F9: =IF(D9>21.67,"חודשי","יומי") -> יומי | G9: =IF(F9="חודשי",VLOOKUP(A9,'רשימת עובדים'!$A$4:$C$100,2,FALSE),VLOOKUP(A9,'רשימת עובדים'!$A$4:$C$100,3,FALSE)*E9) -> 1602.1228 | K9: =IF(I9="","",G9-I9) | N9: ממתין לתקבול
A10: אריאל אליה | B10: מל"מ | C10: 2025-01 | D10: 4 | E10: 3 | F10: =IF(D10>21.67,"חודשי","יומי") -> יומי | G10: =IF(F10="חודשי",VLOOKUP(A10,'רשימת עובדים'!$A$4:$C$100,2,FALSE),VLOOKUP(A10,'רשימת עובדים'!$A$4:$C$100,3,FALSE)*E10) -> 2630.3646 | K10: =IF(I10="","",G10-I10) | N10: ממתין לתקבול
A11: אריאל אליה | B11: מל"מ | C11: 2025-03 | D11: 4 | E11: 3 | F11: =IF(D11>21.67,"חודשי","יומי") -> יומי | G11: =IF(F11="חודשי",VLOOKUP(A11,'רשימת עובדים'!$A$4:$C$100,2,FALSE),VLOOKUP(A11,'רשימת עובדים'!$A$4:$C$100,3,FALSE)*E11) -> 2630.3646 | K11: =IF(I11="","",G11-I11) | N11: ממתין לתקבול
A12: אריאל אליה | B12: מל"מ | C12: 2025-04 | D12: 2 | E12: 1 | F12: =IF(D12>21.67,"חודשי","יומי") -> יומי | G12: =IF(F12="חודשי",VLOOKUP(A12,'רשימת עובדים'!$A$4:$C$100,2,FALSE),VLOOKUP(A12,'רשימת עובדים'!$A$4:$C$100,3,FALSE)*E12) -> 876.78819 | K12: =IF(I12="","",G12-I12) | N12: ממתין לתקבול
A13: אריאל אליה | B13: מל"מ | C13: 2025-05 | D13: 21 | E13: 15 | F13: =IF(D13>21.67,"חודשי","יומי") -> יומי | G13: =IF(F13="חודשי",VLOOKUP(A13,'רשימת עובדים'!$A$4:$C$100,2,FALSE),VLOOKUP(A13,'רשימת עובדים'!$A$4:$C$100,3,FALSE)*E13) -> 13151.823 | K13: =IF(I13="","",G13-I13) | N13: ממתין לתקבול
A14: אריאל אליה | B14: מל"מ | C14: 2025-08 | D14: 5 | E14: 4 | F14: =IF(D14>21.67,"חודשי","יומי") -> יומי | G14: =IF(F14="חודשי",VLOOKUP(A14,'רשימת עובדים'!$A$4:$C$100,2,FALSE),VLOOKUP(A14,'רשימת עובדים'!$A$4:$C$100,3,FALSE)*E14) -> 3507.1527 | K14: =IF(I14="","",G14-I14) | N14: ממתין לתקבול
... A81: רפאל שועה | B81: מל"מ | C81: 2025-06 | D81: 21 | E81: 16 | F81: =IF(D81>21.67,"חודשי","יומי") -> יומי | G81: =IF(F81="חודשי",VLOOKUP(A81,'רשימת עובדים'!$A$4:$C$100,2,FALSE),VLOOKUP(A81,'רשימת עובדים'!$A$4:$C$100,3,FALSE)*E81) -> #VALUE! | K81: =IF(I81="","",G81-I81) | N81: ממתין לתקבול

Sheet 📖 הוראות
A1: 📖 הוראות שימוש - מערכת ניהול תשלומי מילואים
A3: 🎯 סדר פעולות:
A5: 1️⃣ גיליון "רשימת עובדים":
A6: • מלא את המשכורת החודשית לכל עובד
A7: • התעריף היומי יחושב אוטומטית (משכורת ÷ 21.67)
A9: 2️⃣ גיליון "תשלומי מילואים":
A10: • כל הנתונים ימשכו אוטומטית מגיליון העובדים
A11: • סוג חישוב (יומי/חודשי) - אוטומטי לפי מספר ימים
A12: • שילמה החברה - נוסחה:
A13: ◦ חודשי: משכורת מלאה
A14: ◦ יומי: תעריף יומי × ימי עבודה
A16: 3️⃣ מלא נתוני ביטוח לאומי (עמודות צהובות):
... A32: • התחל תמיד מגיליון "רשימת עובדים"!
