Workbook

Sheet 📖 הוראות שימוש
A1: 🎯 מערכת ניהול תשלומי מילואים - ליטאי ניהול שירותים
A2: ═══════════════════════════════════════════════════════
A4: 📋 מבנה המערכת:
A5: ─────────────────
A6: ✅ גליון 1: רשימת עובדים - פרטי העובדים ותעריפים
A7: ✅ גליון 2: תקופות מילואים - כל תקופת מילואים בנפרד
A8: ✅ גליון 3: תשלומי ביטוח לאומי - תשלומים שהתקבלו
A9: ✅ גליון 4: דוח מסכם - סיכום אוטומטי לפי עובד וחודש
A11: ─────────────────────────────────────────────────────
A13: 🔄 תהליך עבודה:
A15: שלב 1️⃣ - מלא נתוני עובדים
A16: • גליון "רשימת עובדים"
... A81: © 2025 Litay Services Management LTD

Sheet 1️⃣ רשימת עובדים
A1: ת.ז. | B1: שם פרטי | C1: שם משפחה | D1: שם מלא | E1: מחלקה | F1: משכורת חודשית | G1: תעריף יומי | H1: בנק | I1: מספר חשבון | J1: סטטוס
B2: אוראל | C2: שווקי | D2: אוראל שווקי | E2: רפאל | G2: =F2/22 | J2: פעיל
A3: 211877550 | B3: אוראל | C3: שווקי | D3: אוראל שווקי | E3: רפאל | F3: 18717 | G3: 863.72866 | J3: פעיל
A4: 37643772 | B4: אורי | C4: אשתר | D4: אורי אשתר | E4: מל"מ | F4: 24026 | G4: 1108.7217 | J4: פעיל
A5: 28027738 | B5: אייל | C5: מלח | D5: אייל מלח | E5: רפאל | F5: 20500 | G5: 946.00831 | J5: מ01.09.25
A6: 203661004 | B6: אריאל | C6: אליה | D6: אריאל אליה | E6: מל"מ | F6: 18828 | G6: 868.85095 | J6: פעיל
A7: 315919936 | B7: דניאל | C7: בנדרימר | D7: דניאל בנדרימר | E7: מל"מ | F7: 14532 | G7: 670.60452 | J7: פעיל
A8: 69304962 | B8: חיים | C8: ראש | D8: חיים ראש | E8: מל"מ | F8: 20586.6 | G8: 950.00461 | J8: פעיל
A9: 25474677 | B9: יום | C9: טוב מוסארי | D9: יום טוב מוסארי | E9: רוה"מ | F9: 27791 | G9: 1282.4642 | J9: מ01.06.25
A10: 22201347 | B10: יורם | C10: שלמה | D10: יורם שלמה | E10: רוה"מ | F10: 23754 | G10: 1096.1698 | J10: פעיל
A11: 322131285 | B11: יענקל | C11: מונטבולינסקי | D11: יענקל מונטבולינסקי | E11: רפאל | F11: 18077 | G11: 834.19474 | J11: פעיל
A12: 209501998 | B12: לאון | C12: שמייב | D12: לאון שמייב | E12: רוה"מ | F12: 15825 | G12: 730.27227 | J12: 01.07.2025
A13: 308280510 | B13: לוי | C13: דור | D13: לוי דור | E13: רפאל | F13: 17921 | G13: 826.99585 | J13: פעיל
A14: 11915519 | B14: מנפרד | C14: מרקוביץ' | D14: מנפרד מרקוביץ' | E14: רפאל | F14: 18822 | G14: 868.57407 | J14: פעיל
... A19: 32345035 | B19: רפאל | C19: שועה | D19: רפאל שועה | E19: מל"מ | F19: 17670 | G19: 815.41301 | J19: פעיל

Sheet 3️⃣ תשלומי ב"ל
A1: ת.ז. | B1: שם עובד | C1: תאריך התחלה | D1: תאריך סיום | E1: סוג תשלום | F1: תגמול ₪ | G1: פיצוי 20% ₪ | H1: תוספת 40% ₪ | I1: סה"כ לעובד ₪ | J1: מספר מנה | K1: תאריך תשלום | L1: קובץ מקור
A2: 11915519 | B2: מנפרד מרקוביץ' | C2: 07/01/2025 | D2: 07/01/2025 | E2: רגיל | F2: 821 | G2: 164 | H2: 0 | I2: 985 | J2: 203 | K2: 09/02/2025 | L2: PDF_מנה_0203
A3: 11915519 | B3: מנפרד מרקוביץ' | C3: 16/01/2025 | D3: 16/01/2025 | E3: רגיל | F3: 821 | G3: 164 | H3: 0 | I3: 985 | J3: 203 | K3: 09/02/2025 | L3: PDF_מנה_0203
A4: 22201347 | B4: שלמה יורם | C4: 01/01/2025 | D4: 01/01/2025 | E4: רגיל | F4: 1051 | G4: 210 | H4: 0 | I4: 1261 | J4: 203 | K4: 09/02/2025 | L4: PDF_מנה_0203
A5: 22201347 | B5: שלמה יורם | C5: 19/01/2025 | D5: 23/01/2025 | E5: רגיל | F5: 5257 | G5: 1051 | H5: 0 | I5: 6308 | J5: 203 | K5: 09/02/2025 | L5: PDF_מנה_0203
A6: 25147505 | B6: בורך משה | C6: 27/11/2024 | D6: 27/11/2024 | E6: רגיל | F6: 751 | G6: 0 | H6: 0 | I6: 751 | J6: 203 | K6: 09/02/2025 | L6: PDF_מנה_0203
A7: 25155235 | B7: פרדר נתן | C7: 05/01/2025 | D7: 05/01/2025 | E7: רגיל | F7: 1116 | G7: 223 | H7: 0 | I7: 1339 | J7: 203 | K7: 09/02/2025 | L7: PDF_מנה_0203
A8: 25155235 | B8: פרדר נתן | C8: 06/01/2025 | D8: 07/01/2025 | E8: רגיל | F8: 2231 | G8: 446 | H8: 0 | I8: 2677 | J8: 203 | K8: 09/02/2025 | L8: PDF_מנה_0203
A9: 25155235 | B9: פרדר נתן | C9: 08/01/2025 | D9: 09/01/2025 | E9: רגיל | F9: 2231 | G9: 446 | H9: 0 | I9: 2677 | J9: 203 | K9: 09/02/2025 | L9: PDF_מנה_0203
A10: 25155235 | B10: פרדר נתן | C10: 10/01/2025 | D10: 11/01/2025 | E10: רגיל | F10: 2231 | G10: 446 | H10: 0 | I10: 2677 | J10: 203 | K10: 09/02/2025 | L10: PDF_מנה_0203
A11: 25155235 | B11: פרדר נתן | C11: 14/01/2025 | D11: 15/01/2025 | E11: רגיל | F11: 2231 | G11: 446 | H11: 0 | I11: 2677 | J11: 203 | K11: 09/02/2025 | L11: PDF_מנה_0203
A12: 25155235 | B12: פרדר נתן | C12: 16/01/2025 | D12: 17/01/2025 | E12: רגיל | F12: 1116 | G12: 446 | H12: 0 | I12: 1562 | J12: 203 | K12: 09/02/2025 | L12: PDF_מנה_0203
A13: 25155235 | B13: פרדר נתן | C13: 20/01/2025 | D13: 20/01/2025 | E13: רגיל | F13: 1116 | G13: 223 | H13: 0 | I13: 1339 | J13: 203 | K13: 09/02/2025 | L13: PDF_מנה_0203
... A81: 22201347 | B81: יורם שלמה | C81: 15/12/2024 | D81: 19/12/2024 | E81: תוספת 40% | F81: 0 | G81: 0 | H81: 3269 | I81: 3295 | J81: 510 | K81: 23/05/2025 | L81: 92437586800_NK-0510-250519-509_-1363229539_10591_0_01.xlsx

Sheet 4️⃣ דוח מסכם
A1: שם עובד | B1: מחלקה | C1: חודש | D1: מספר תקופות | E1: סה"כ ימים | F1: ימי א-ה | G1: ימי סופ"ש | H1: צפוי מב"ל | I1: התקבל מב"ל | J1: הפרש | K1: סטטוס | L1: מזהי תקופות
A2: אוראל שווקי | B2: רפאל | C2: 03/2025 | D2: =COUNTIFS('2️⃣ תקופות מילואים'!$B:$B,A2,'2️⃣ תקופות מילואים'!$F:$F,C2) | E2: =SUMIFS('2️⃣ תקופות מילואים'!$G:$G,'2️⃣ תקופות מילואים'!$B:$B,A2,'2️⃣ תקופות מילואים'!$F:$F,C2) | F2: =SUMIFS('2️⃣ תקופות מילואים'!$H:$H,'2️⃣ תקופות מילואים'!$B:$B,A2,'2️⃣ תקופות מילואים'!$F:$F,C2) | G2: =SUMIFS('2️⃣ תקופות מילואים'!$I:$I,'2️⃣ תקופות מילואים'!$B:$B,A2,'2️⃣ תקופות מילואים'!$F:$F,C2)+SUMIFS('2️⃣ תקופות מילואים'!$J:$J,'2️⃣ תקופות מילואים'!$B:$B,A2,'2️⃣ תקופות מילואים'!$F:$F,C2)+SUMIFS('2️⃣ תקופות מילואים'!$K:$K,'2️⃣ תקופות מילואים'!$B:$B,A2,'2️⃣ תקופות מילואים'!$F:$F,C2) | H2: =SUMIFS('2️⃣ תקופות מילואים'!$P:$P,'2️⃣ תקופות מילואים'!$B:$B,A2,'2️⃣ תקופות מילואים'!$F:$F,C2) | I2: =SUMIFS('3️⃣ תשלומי ב"ל'!$I:$I,'3️⃣ תשלומי ב"ל'!$B:$B,A2) | K2: ממתין לתקבול | L2: P0001
A3: אורי אשתר | B3: מל"מ | C3: 09/2025 | D3: =COUNTIFS('2️⃣ תקופות מילואים'!$B:$B,A3,'2️⃣ תקופות מילואים'!$F:$F,C3) | E3: =SUMIFS('2️⃣ תקופות מילואים'!$G:$G,'2️⃣ תקופות מילואים'!$B:$B,A3,'2️⃣ תקופות מילואים'!$F:$F,C3) | F3: =SUMIFS('2️⃣ תקופות מילואים'!$H:$H,'2️⃣ תקופות מילואים'!$B:$B,A3,'2️⃣ תקופות מילואים'!$F:$F,C3) | G3: =SUMIFS('2️⃣ תקופות מילואים'!$I:$I,'2️⃣ תקופות מילואים'!$B:$B,A3,'2️⃣ תקופות מילואים'!$F:$F,C3)+SUMIFS('2️⃣ תקופות מילואים'!$J:$J,'2️⃣ תקופות מילואים'!$B:$B,A3,'2️⃣ תקופות מילואים'!$F:$F,C3)+SUMIFS('2️⃣ תקופות מילואים'!$K:$K,'2️⃣ תקופות מילואים'!$B:$B,A3,'2️⃣ תקופות מילואים'!$F:$F,C3) | H3: =SUMIFS('2️⃣ תקופות מילואים'!$P:$P,'2️⃣ תקופות מילואים'!$B:$B,A3,'2️⃣ תקופות מילואים'!$F:$F,C3) | I3: =SUMIFS('3️⃣ תשלומי ב"ל'!$I:$I,'3️⃣ תשלומי ב"ל'!$B:$B,A3) | K3: ממתין לתקבול | L3: P0002
A4: אייל מלח | B4: רפאל | C4: 01/2025 | D4: =COUNTIFS('2️⃣ תקופות מילואים'!$B:$B,A4,'2️⃣ תקופות מילואים'!$F:$F,C4) | E4: =SUMIFS('2️⃣ תקופות מילואים'!$G:$G,'2️⃣ תקופות מילואים'!$B:$B,A4,'2️⃣ תקופות מילואים'!$F:$F,C4) | F4: =SUMIFS('2️⃣ תקופות מילואים'!$H:$H,'2️⃣ תקופות מילואים'!$B:$B,A4,'2️⃣ תקופות מילואים'!$F:$F,C4) | G4: =SUMIFS('2️⃣ תקופות מילואים'!$I:$I,'2️⃣ תקופות מילואים'!$B:$B,A4,'2️⃣ תקופות מילואים'!$F:$F,C4)+SUMIFS('2️⃣ תקופות מילואים'!$J:$J,'2️⃣ תקופות מילואים'!$B:$B,A4,'2️⃣ תקופות מילואים'!$F:$F,C4)+SUMIFS('2️⃣ תקופות מילואים'!$K:$K,'2️⃣ תקופות מילואים'!$B:$B,A4,'2️⃣ תקופות מילואים'!$F:$F,C4) | H4: =SUMIFS('2️⃣ תקופות מילואים'!$P:$P,'2️⃣ תקופות מילואים'!$B:$B,A4,'2️⃣ תקופות מילואים'!$F:$F,C4) | I4: =SUMIFS('3️⃣ תשלומי ב"ל'!$I:$I,'3️⃣ תשלומי ב"ל'!$B:$B,A4) | K4: ממתין לתקבול | L4: P0003
A5: אייל מלח | B5: רפאל | C5: 05/2025 | D5: =COUNTIFS('2️⃣ תקופות מילואים'!$B:$B,A5,'2️⃣ תקופות מילואים'!$F:$F,C5) | E5: =SUMIFS('2️⃣ תקופות מילואים'!$G:$G,'2️⃣ תקופות מילואים'!$B:$B,A5,'2️⃣ תקופות מילואים'!$F:$F,C5) | F5: =SUMIFS('2️⃣ תקופות מילואים'!$H:$H,'2️⃣ תקופות מילואים'!$B:$B,A5,'2️⃣ תקופות מילואים'!$F:$F,C5) | G5: =SUMIFS('2️⃣ תקופות מילואים'!$I:$I,'2️⃣ תקופות מילואים'!$B:$B,A5,'2️⃣ תקופות מילואים'!$F:$F,C5)+SUMIFS('2️⃣ תקופות מילואים'!$J:$J,'2️⃣ תקופות מילואים'!$B:$B,A5,'2️⃣ תקופות מילואים'!$F:$F,C5)+SUMIFS('2️⃣ תקופות מילואים'!$K:$K,'2️⃣ תקופות מילואים'!$B:$B,A5,'2️⃣ תקופות מילואים'!$F:$F,C5) | H5: =SUMIFS('2️⃣ תקופות מילואים'!$P:$P,'2️⃣ תקופות מילואים'!$B:$B,A5,'2️⃣ תקופות מילואים'!$F:$F,C5) | I5: =SUMIFS('3️⃣ תשלומי ב"ל'!$I:$I,'3️⃣ תשלומי ב"ל'!$B:$B,A5) | K5: ממתין לתקבול | L5: P0004
A6: אייל מלח | B6: רפאל | C6: 06/2025 | D6: =COUNTIFS('2️⃣ תקופות מילואים'!$B:$B,A6,'2️⃣ תקופות מילואים'!$F:$F,C6) | E6: =SUMIFS('2️⃣ תקופות מילואים'!$G:$G,'2️⃣ תקופות מילואים'!$B:$B,A6,'2️⃣ תקופות מילואים'!$F:$F,C6) | F6: =SUMIFS('2️⃣ תקופות מילואים'!$H:$H,'2️⃣ תקופות מילואים'!$B:$B,A6,'2️⃣ תקופות מילואים'!$F:$F,C6) | G6: =SUMIFS('2️⃣ תקופות מילואים'!$I:$I,'2️⃣ תקופות מילואים'!$B:$B,A6,'2️⃣ תקופות מילואים'!$F:$F,C6)+SUMIFS('2️⃣ תקופות מילואים'!$J:$J,'2️⃣ תקופות מילואים'!$B:$B,A6,'2️⃣ תקופות מילואים'!$F:$F,C6)+SUMIFS('2️⃣ תקופות מילואים'!$K:$K,'2️⃣ תקופות מילואים'!$B:$B,A6,'2️⃣ תקופות מילואים'!$F:$F,C6) | H6: =SUMIFS('2️⃣ תקופות מילואים'!$P:$P,'2️⃣ תקופות מילואים'!$B:$B,A6,'2️⃣ תקופות מילואים'!$F:$F,C6) | I6: =SUMIFS('3️⃣ תשלומי ב"ל'!$I:$I,'3️⃣ תשלומי ב"ל'!$B:$B,A6) | K6: ממתין לתקבול | L6: P0005
A7: אייל מלח | B7: רפאל | C7: 07/2025 | D7: =COUNTIFS('2️⃣ תקופות מילואים'!$B:$B,A7,'2️⃣ תקופות מילואים'!$F:$F,C7) | E7: =SUMIFS('2️⃣ תקופות מילואים'!$G:$G,'2️⃣ תקופות מילואים'!$B:$B,A7,'2️⃣ תקופות מילואים'!$F:$F,C7) | F7: =SUMIFS('2️⃣ תקופות מילואים'!$H:$H,'2️⃣ תקופות מילואים'!$B:$B,A7,'2️⃣ תקופות מילואים'!$F:$F,C7) | G7: =SUMIFS('2️⃣ תקופות מילואים'!$I:$I,'2️⃣ תקופות מילואים'!$B:$B,A7,'2️⃣ תקופות מילואים'!$F:$F,C7)+SUMIFS('2️⃣ תקופות מילואים'!$J:$J,'2️⃣ תקופות מילואים'!$B:$B,A7,'2️⃣ תקופות מילואים'!$F:$F,C7)+SUMIFS('2️⃣ תקופות מילואים'!$K:$K,'2️⃣ תקופות מילואים'!$B:$B,A7,'2️⃣ תקופות מילואים'!$F:$F,C7) | H7: =SUMIFS('2️⃣ תקופות מילואים'!$P:$P,'2️⃣ תקופות מילואים'!$B:$B,A7,'2️⃣ תקופות מילואים'!$F:$F,C7) | I7: =SUMIFS('3️⃣ תשלומי ב"ל'!$I:$I,'3️⃣ תשלומי ב"ל'!$B:$B,A7) | K7: ממתין לתקבול | L7: P0006
A8: אייל מלח | B8: רפאל | C8: 09/2025 | D8: =COUNTIFS('2️⃣ תקופות מילואים'!$B:$B,A8,'2️⃣ תקופות מילואים'!$F:$F,C8) | E8: =SUMIFS('2️⃣ תקופות מילואים'!$G:$G,'2️⃣ תקופות מילואים'!$B:$B,A8,'2️⃣ תקופות מילואים'!$F:$F,C8) | F8: =SUMIFS('2️⃣ תקופות מילואים'!$H:$H,'2️⃣ תקופות מילואים'!$B:$B,A8,'2️⃣ תקופות מילואים'!$F:$F,C8) | G8: =SUMIFS('2️⃣ תקופות מילואים'!$I:$I,'2️⃣ תקופות מילואים'!$B:$B,A8,'2️⃣ תקופות מילואים'!$F:$F,C8)+SUMIFS('2️⃣ תקופות מילואים'!$J:$J,'2️⃣ תקופות מילואים'!$B:$B,A8,'2️⃣ תקופות מילואים'!$F:$F,C8)+SUMIFS('2️⃣ תקופות מילואים'!$K:$K,'2️⃣ תקופות מילואים'!$B:$B,A8,'2️⃣ תקופות מילואים'!$F:$F,C8) | H8: =SUMIFS('2️⃣ תקופות מילואים'!$P:$P,'2️⃣ תקופות מילואים'!$B:$B,A8,'2️⃣ תקופות מילואים'!$F:$F,C8) | I8: =SUMIFS('3️⃣ תשלומי ב"ל'!$I:$I,'3️⃣ תשלומי ב"ל'!$B:$B,A8) | K8: ממתין לתקבול | L8: P0007
A9: אריאל אליה | B9: מל"מ | C9: 01/2025 | D9: =COUNTIFS('2️⃣ תקופות מילואים'!$B:$B,A9,'2️⃣ תקופות מילואים'!$F:$F,C9) | E9: =SUMIFS('2️⃣ תקופות מילואים'!$G:$G,'2️⃣ תקופות מילואים'!$B:$B,A9,'2️⃣ תקופות מילואים'!$F:$F,C9) | F9: =SUMIFS('2️⃣ תקופות מילואים'!$H:$H,'2️⃣ תקופות מילואים'!$B:$B,A9,'2️⃣ תקופות מילואים'!$F:$F,C9) | G9: =SUMIFS('2️⃣ תקופות מילואים'!$I:$I,'2️⃣ תקופות מילואים'!$B:$B,A9,'2️⃣ תקופות מילואים'!$F:$F,C9)+SUMIFS('2️⃣ תקופות מילואים'!$J:$J,'2️⃣ תקופות מילואים'!$B:$B,A9,'2️⃣ תקופות מילואים'!$F:$F,C9)+SUMIFS('2️⃣ תקופות מילואים'!$K:$K,'2️⃣ תקופות מילואים'!$B:$B,A9,'2️⃣ תקופות מילואים'!$F:$F,C9) | H9: =SUMIFS('2️⃣ תקופות מילואים'!$P:$P,'2️⃣ תקופות מילואים'!$B:$B,A9,'2️⃣ תקופות מילואים'!$F:$F,C9) | I9: =SUMIFS('3️⃣ תשלומי ב"ל'!$I:$I,'3️⃣ תשלומי ב"ל'!$B:$B,A9) | K9: התקבל מלא | L9: P0008
A10: אריאל אליה | B10: מל"מ | C10: 03/2025 | D10: =COUNTIFS('2️⃣ תקופות מילואים'!$B:$B,A10,'2️⃣ תקופות מילואים'!$F:$F,C10) | E10: =SUMIFS('2️⃣ תקופות מילואים'!$G:$G,'2️⃣ תקופות מילואים'!$B:$B,A10,'2️⃣ תקופות מילואים'!$F:$F,C10) | F10: =SUMIFS('2️⃣ תקופות מילואים'!$H:$H,'2️⃣ תקופות מילואים'!$B:$B,A10,'2️⃣ תקופות מילואים'!$F:$F,C10) | G10: =SUMIFS('2️⃣ תקופות מילואים'!$I:$I,'2️⃣ תקופות מילואים'!$B:$B,A10,'2️⃣ תקופות מילואים'!$F:$F,C10)+SUMIFS('2️⃣ תקופות מילואים'!$J:$J,'2️⃣ תקופות מילואים'!$B:$B,A10,'2️⃣ תקופות מילואים'!$F:$F,C10)+SUMIFS('2️⃣ תקופות מילואים'!$K:$K,'2️⃣ תקופות מילואים'!$B:$B,A10,'2️⃣ תקופות מילואים'!$F:$F,C10) | H10: =SUMIFS('2️⃣ תקופות מילואים'!$P:$P,'2️⃣ תקופות מילואים'!$B:$B,A10,'2️⃣ תקופות מילואים'!$F:$F,C10) | I10: =SUMIFS('3️⃣ תשלומי ב"ל'!$I:$I,'3️⃣ תשלומי ב"ל'!$B:$B,A10) | K10: ממתין לתקבול | L10: P0009
A11: אריאל אליה | B11: מל"מ | C11: 04/2025 | D11: =COUNTIFS('2️⃣ תקופות מילואים'!$B:$B,A11,'2️⃣ תקופות מילואים'!$F:$F,C11) | E11: =SUMIFS('2️⃣ תקופות מילואים'!$G:$G,'2️⃣ תקופות מילואים'!$B:$B,A11,'2️⃣ תקופות מילואים'!$F:$F,C11) | F11: =SUMIFS('2️⃣ תקופות מילואים'!$H:$H,'2️⃣ תקופות מילואים'!$B:$B,A11,'2️⃣ תקופות מילואים'!$F:$F,C11) | G11: =SUMIFS('2️⃣ תקופות מילואים'!$I:$I,'2️⃣ תקופות מילואים'!$B:$B,A11,'2️⃣ תקופות מילואים'!$F:$F,C11)+SUMIFS('2️⃣ תקופות מילואים'!$J:$J,'2️⃣ תקופות מילואים'!$B:$B,A11,'2️⃣ תקופות מילואים'!$F:$F,C11)+SUMIFS('2️⃣ תקופות מילואים'!$K:$K,'2️⃣ תקופות מילואים'!$B:$B,A11,'2️⃣ תקופות מילואים'!$F:$F,C11) | H11: =SUMIFS('2️⃣ תקופות מילואים'!$P:$P,'2️⃣ תקופות מילואים'!$B:$B,A11,'2️⃣ תקופות מילואים'!$F:$F,C11) | I11: =SUMIFS('3️⃣ תשלומי ב"ל'!$I:$I,'3️⃣ תשלומי ב"ל'!$B:$B,A11) | K11: ממתין לתקבול | L11: P0010, P0011
A12: אריאל אליה | B12: מל"מ | C12: 05/2025 | D12: =COUNTIFS('2️⃣ תקופות מילואים'!$B:$B,A12,'2️⃣ תקופות מילואים'!$F:$F,C12) | E12: =SUMIFS('2️⃣ תקופות מילואים'!$G:$G,'2️⃣ תקופות מילואים'!$B:$B,A12,'2️⃣ תקופות מילואים'!$F:$F,C12) | F12: =SUMIFS('2️⃣ תקופות מילואים'!$H:$H,'2️⃣ תקופות מילואים'!$B:$B,A12,'2️⃣ תקופות מילואים'!$F:$F,C12) | G12: =SUMIFS('2️⃣ תקופות מילואים'!$I:$I,'2️⃣ תקופות מילואים'!$B:$B,A12,'2️⃣ תקופות מילואים'!$F:$F,C12)+SUMIFS('2️⃣ תקופות מילואים'!$J:$J,'2️⃣ תקופות מילואים'!$B:$B,A12,'2️⃣ תקופות מילואים'!$F:$F,C12)+SUMIFS('2️⃣ תקופות מילואים'!$K:$K,'2️⃣ תקופות מילואים'!$B:$B,A12,'2️⃣ תקופות מילואים'!$F:$F,C12) | H12: =SUMIFS('2️⃣ תקופות מילואים'!$P:$P,'2️⃣ תקופות מילואים'!$B:$B,A12,'2️⃣ תקופות מילואים'!$F:$F,C12) | I12: =SUMIFS('3️⃣ תשלומי ב"ל'!$I:$I,'3️⃣ תשלומי ב"ל'!$B:$B,A12) | K12: ממתין לתקבול | L12: P0012
A13: אריאל אליה | B13: מל"מ | C13: 08/2025 | D13: =COUNTIFS('2️⃣ תקופות מילואים'!$B:$B,A13,'2️⃣ תקופות מילואים'!$F:$F,C13) | E13: =SUMIFS('2️⃣ תקופות מילואים'!$G:$G,'2️⃣ תקופות מילואים'!$B:$B,A13,'2️⃣ תקופות מילואים'!$F:$F,C13) | F13: =SUMIFS('2️⃣ תקופות מילואים'!$H:$H,'2️⃣ תקופות מילואים'!$B:$B,A13,'2️⃣ תקופות מילואים'!$F:$F,C13) | G13: =SUMIFS('2️⃣ תקופות מילואים'!$I:$I,'2️⃣ תקופות מילואים'!$B:$B,A13,'2️⃣ תקופות מילואים'!$F:$F,C13)+SUMIFS('2️⃣ תקופות מילואים'!$J:$J,'2️⃣ תקופות מילואים'!$B:$B,A13,'2️⃣ תקופות מילואים'!$F:$F,C13)+SUMIFS('2️⃣ תקופות מילואים'!$K:$K,'2️⃣ תקופות מילואים'!$B:$B,A13,'2️⃣ תקופות מילואים'!$F:$F,C13) | H13: =SUMIFS('2️⃣ תקופות מילואים'!$P:$P,'2️⃣ תקופות מילואים'!$B:$B,A13,'2️⃣ תקופות מילואים'!$F:$F,C13) | I13: =SUMIFS('3️⃣ תשלומי ב"ל'!$I:$I,'3️⃣ תשלומי ב"ל'!$B:$B,A13) | K13: ממתין לתקבול | L13: P0013
... A75: רפאל שועה | B75: מל"מ | C75: 06/2025 | D75: =COUNTIFS('2️⃣ תקופות מילואים'!$B:$B,A75,'2️⃣ תקופות מילואים'!$F:$F,C75) | E75: =SUMIFS('2️⃣ תקופות מילואים'!$G:$G,'2️⃣ תקופות מילואים'!$B:$B,A75,'2️⃣ תקופות מילואים'!$F:$F,C75) | F75: =SUMIFS('2️⃣ תקופות מילואים'!$H:$H,'2️⃣ תקופות מילואים'!$B:$B,A75,'2️⃣ תקופות מילואים'!$F:$F,C75) | G75: =SUMIFS('2️⃣ תקופות מילואים'!$I:$I,'2️⃣ תקופות מילואים'!$B:$B,A75,'2️⃣ תקופות מילואים'!$F:$F,C75)+SUMIFS('2️⃣ תקופות מילואים'!$J:$J,'2️⃣ תקופות מילואים'!$B:$B,A75,'2️⃣ תקופות מילואים'!$F:$F,C75)+SUMIFS('2️⃣ תקופות מילואים'!$K:$K,'2️⃣ תקופות מילואים'!$B:$B,A75,'2️⃣ תקופות מילואים'!$F:$F,C75) | H75: =SUMIFS('2️⃣ תקופות מילואים'!$P:$P,'2️⃣ תקופות מילואים'!$B:$B,A75,'2️⃣ תקופות מילואים'!$F:$F,C75) | I75: =SUMIFS('3️⃣ תשלומי ב"ל'!$I:$I,'3️⃣ תשלומי ב"ל'!$B:$B,A75) | K75: ממתין לתקבול | L75: P0137, P0138, P0139

Sheet 💵 רשימת תשלומים
A1: מנה | B1: תאריך תשלום | C1: תגמול ₪ | D1: פיצוי 20% ₪ | E1: תוספת 40% ₪ | F1: סה"כ כולל ₪
A2: 203 | B2: 09/02/2025 | C2: 48622 | D2: 8587 | E2: 0 | F2: 57209
A3: 204 | B3: 09/02/2025 | C3: 581 | D3: 0 | E3: 0 | F3: 581
A4: 408 | B4: 23/04/2025 | C4: 25634 | D4: 4516 | E4: 0 | F4: 30150
A5: 410 | B5: 28/04/2025 | C5: 0 | D5: 0 | E5: 2090 | F5: 2090
A6: 510 | B6: 23/05/2025 | C6: 0 | D6: 0 | E6: 18307 | F6: 18307
A7: 610 | B7: 26/06/2025 | C7: 0 | D7: 0 | E7: 1999 | F7: 1999
A8: 802 | B8: 08/08/2025 | C8: 110659 | D8: 21353 | E8: 0 | F8: 132012
A10: סה"כ: | C10: 185496 | D10: 34456 | E10: 22396 | F10: 242348

Sheet 📈 היסטוריית שכר
A1: 📈 היסטוריית שכר - מעקב אחר שינויי תעריפים
A2: 💡 כל שינוי בתעריף יומי מתועד כאן. המערכת תשתמש בתעריף הנכון לפי תאריך השירות.
A4: ת.ז. | B4: שם מלא | C4: תעריף יומי ₪ | D4: תקף מתאריך | E4: תקף עד תאריך | F4: סוג שינוי | G4: הערות
A5: 28027738 | B5: אייל מלח | C5: 735 | D5: 01/01/2024 | E5: 31/08/2024 | F5: תעריף ראשוני | G5: לפני העלאה
A6: 28027738 | B6: אייל מלח | C6: 850 | D6: 01/09/2024 | F6: 🔺 העלאת שכר | G6: שינוי מספטמבר 2024
A7: 11915519 | B7: מנפרד מרקוביץ' | C7: 891 | D7: 01/01/2024 | F7: תעריף נוכחי
A8: 22201347 | B8: שלמה יורם | C8: 1254 | D8: 01/01/2024 | F8: תעריף נוכחי
A9: 25147505 | B9: משה בורך | C9: 805 | D9: 01/01/2024 | F9: תעריף נוכחי
A10: 25155235 | B10: נתן פרדר | C10: 2361 | D10: 01/01/2024 | F10: תעריף נוכחי
A11: 203661004 | B11: אריאל אליה | C11: 1157 | D11: 01/01/2024 | F11: תעריף נוכחי
A12: 308280510 | B12: דור לוי | C12: 663 | D12: 01/01/2024 | F12: תעריף נוכחי
A13: 315919936 | B13: דניאל בנדרימר | C13: 510 | D13: 01/01/2024 | F13: תעריף נוכחי
A15: 📝 הוראות שימוש: להוספת שינוי שכר - הוסף שורה חדשה עם התעריף החדש ועדכן את 'תקף עד תאריך' בשורה הקודמת

Sheet 2️⃣ תקופות מילואים
A1: מזהה תקופה | B1: שם עובד | C1: מחלקה | D1: תאריך התחלה | E1: תאריך סיום | F1: חודש | G1: סה"כ ימים | H1: ימי א-ה | I1: ימי שישי | J1: ימי שבת | K1: ימי חג | L1: תעריף יומי | M1: תשלום מעסיק (א-ה) | N1: תשלום הפרש סופ"ש | O1: פיצוי 20% למעסיק | P1: סה"כ צפוי מב"ל | Q1: סטטוס | S1: תאריך הגשה לביטוח לאומי
A2: P0001 | B2: אוראל שווקי | C2: רפאל | D2: 19/03/2025 | E2: 19/03/2025 | F2: 03/2025 | G2: 1 | H2: 1 | I2: 0 | J2: 0 | K2: 0 | L2: =VLOOKUP(B2,'1️⃣ רשימת עובדים'!$D$3:$G$100,4,FALSE) | M2: =H2*L2 | N2: =(I2+J2+K2)*L2 | O2: =M2*0.2 | P2: =N2+O2 | Q2: ממתין לתקבול | R2: תאריך הגשה לביטוח לאומי
A3: P0002 | B3: אורי אשתר | C3: מל"מ | D3: 01/09/2025 | E3: 17/09/2025 | F3: 09/2025 | G3: 17 | H3: 13 | I3: 2 | J3: 2 | K3: 0 | L3: =VLOOKUP(B3,'1️⃣ רשימת עובדים'!$D$3:$G$100,4,FALSE) | M3: =H3*L3 | N3: =(I3+J3+K3)*L3 | O3: =M3*0.2 | P3: =N3+O3 | Q3: ממתין לתקבול
A4: P0003 | B4: אייל מלח | C4: רפאל | D4: 01/01/2025 | E4: 03/01/2025 | F4: 01/2025 | G4: 3 | H4: 3 | I4: 0 | J4: 0 | K4: 0 | L4: =VLOOKUP(B4,'1️⃣ רשימת עובדים'!$D$3:$G$100,4,FALSE) | M4: =H4*L4 | N4: =(I4+J4+K4)*L4 | O4: =M4*0.2 | P4: =N4+O4 | Q4: ממתין לתקבול
A5: P0004 | B5: אייל מלח | C5: רפאל | D5: 19/05/2025 | E5: 21/05/2025 | F5: 05/2025 | G5: 3 | H5: 3 | I5: 0 | J5: 0 | K5: 0 | L5: =VLOOKUP(B5,'1️⃣ רשימת עובדים'!$D$3:$G$100,4,FALSE) | M5: =H5*L5 | N5: =(I5+J5+K5)*L5 | O5: =M5*0.2 | P5: =N5+O5 | Q5: ממתין לתקבול
A6: P0005 | B6: אייל מלח | C6: רפאל | D6: 12/06/2025 | E6: 26/06/2025 | F6: 06/2025 | G6: 15 | H6: 11 | I6: 2 | J6: 2 | K6: 0 | L6: =VLOOKUP(B6,'1️⃣ רשימת עובדים'!$D$3:$G$100,4,FALSE) | M6: =H6*L6 | N6: =(I6+J6+K6)*L6 | O6: =M6*0.2 | P6: =N6+O6 | Q6: ממתין לתקבול
A7: P0006 | B7: אייל מלח | C7: רפאל | D7: 29/07/2025 | E7: 31/07/2025 | F7: 07/2025 | G7: 3 | H7: 3 | I7: 0 | J7: 0 | K7: 0 | L7: =VLOOKUP(B7,'1️⃣ רשימת עובדים'!$D$3:$G$100,4,FALSE) | M7: =H7*L7 | N7: =(I7+J7+K7)*L7 | O7: =M7*0.2 | P7: =N7+O7 | Q7: ממתין לתקבול
A8: P0007 | B8: אייל מלח | C8: רפאל | D8: 11/09/2025 | E8: 14/09/2025 | F8: 09/2025 | G8: 4 | H8: 2 | I8: 1 | J8: 1 | K8: 0 | L8: =VLOOKUP(B8,'1️⃣ רשימת עובדים'!$D$3:$G$100,4,FALSE) | M8: =H8*L8 | N8: =(I8+J8+K8)*L8 | O8: =M8*0.2 | P8: =N8+O8 | Q8: ממתין לתקבול
A9: P0008 | B9: אריאל אליה | C9: מל"מ | D9: 19/01/2025 | E9: 22/01/2025 | F9: 01/2025 | G9: 4 | H9: 3 | I9: 0 | J9: 1 | K9: 0 | L9: =VLOOKUP(B9,'1️⃣ רשימת עובדים'!$D$3:$G$100,4,FALSE) | M9: =H9*L9 | N9: =(I9+J9+K9)*L9 | O9: =M9*0.2 | P9: =N9+O9 | Q9: ממתין לתקבול
A10: P0009 | B10: אריאל אליה | C10: מל"מ | D10: 02/03/2025 | E10: 05/03/2025 | F10: 03/2025 | G10: 4 | H10: 3 | I10: 0 | J10: 1 | K10: 0 | L10: =VLOOKUP(B10,'1️⃣ רשימת עובדים'!$D$3:$G$100,4,FALSE) | M10: =H10*L10 | N10: =(I10+J10+K10)*L10 | O10: =M10*0.2 | P10: =N10+O10 | Q10: ממתין לתקבול
A11: P0010 | B11: אריאל אליה | C11: מל"מ | D11: 23/04/2025 | E11: 23/04/2025 | F11: 04/2025 | G11: 1 | H11: 1 | I11: 0 | J11: 0 | K11: 0 | L11: =VLOOKUP(B11,'1️⃣ רשימת עובדים'!$D$3:$G$100,4,FALSE) | M11: =H11*L11 | N11: =(I11+J11+K11)*L11 | O11: =M11*0.2 | P11: =N11+O11 | Q11: ממתין לתקבול
A12: P0011 | B12: אריאל אליה | C12: מל"מ | D12: 27/04/2025 | E12: 27/04/2025 | F12: 04/2025 | G12: 1 | H12: 0 | I12: 0 | J12: 1 | K12: 0 | L12: =VLOOKUP(B12,'1️⃣ רשימת עובדים'!$D$3:$G$100,4,FALSE) | M12: =H12*L12 | N12: =(I12+J12+K12)*L12 | O12: =M12*0.2 | P12: =N12+O12 | Q12: ממתין לתקבול
A13: P0012 | B13: אריאל אליה | C13: מל"מ | D13: 04/05/2025 | E13: 24/05/2025 | F13: 05/2025 | G13: 21 | H13: 15 | I13: 3 | J13: 3 | K13: 0 | L13: =VLOOKUP(B13,'1️⃣ רשימת עובדים'!$D$3:$G$100,4,FALSE) | M13: =H13*L13 | N13: =(I13+J13+K13)*L13 | O13: =M13*0.2 | P13: =N13+O13 | Q13: ממתין לתקבול
A14: P0013 | B14: אריאל אליה | C14: מל"מ | D14: 17/08/2025 | E14: 21/08/2025 | F14: 08/2025 | G14: 5 | H14: 4 | I14: 0 | J14: 1 | K14: 0 | L14: =VLOOKUP(B14,'1️⃣ רשימת עובדים'!$D$3:$G$100,4,FALSE) | M14: =H14*L14 | N14: =(I14+J14+K14)*L14 | O14: =M14*0.2 | P14: =N14+O14 | Q14: ממתין לתקבול
... A140: P0139 | B140: רפאל שועה | C140: מל"מ | D140: 12/06/2025 | E140: 28/06/2025 | F140: 06/2025 | G140: 17 | H140: 12 | I140: 3 | J140: 2 | K140: 0 | L140: =VLOOKUP(B140,'1️⃣ רשימת עובדים'!$D$3:$G$100,4,FALSE) | M140: =H140*L140 | N140: =(I140+J140+K140)*L140 | O140: =M140*0.2 | P140: =N140+O140 | Q140: ממתין לתקבול
