Workbook

Sheet גיליון1
A1: מזהה תקופה | B1: שם עובד | C1: מחלקה | D1: תאריך התחלה | E1: תאריך סיום | F1: חודש | G1: סה"כ ימים | H1: ימי א-ה | I1: ימי שישי | J1: ימי שבת | K1: ימי חג | L1: תעריף יומי | M1: תשלום מעסיק (א-ה) | N1: פיצוי 20% למעסיק | O1: תוספת 40% | P1: סה"כ תגמול מביטוח לאומי ₪ | Q1: מועד תשלום ביטוח לאומי | R1: סכום הפרשים לעובד ₪ | S1: חודש ביצוע תשלום | T1: 💰 הערות
A2: P0003 | B2: אייל מלח | C2: רפאל | D2: 01/01/2025 | E2: 03/01/2025 | F2: 01/2025 | G2: 3 | H2: 3 | I2: 0 | J2: 0 | K2: 0 | L2: 801.06 | M2: =L2*H2 -> 2403.18 | P2: =גיליון2!O23 -> 2206 | Q2: 45697 | R2: =P2-M2 -> -197.18 | T2: במרכז
A3: P0008 | B3: אריאל אליה | C3: מל"מ | D3: 19/01/2025 | E3: 22/01/2025 | F3: 01/2025 | G3: 4 | H3: 4 | I3: 0 | J3: 0 | K3: 0 | L3: 876.93 | M3: =L3*H3 -> 3507.72 | P3: =גיליון2!O24 -> 3710 | Q3: 45700 | R3: =P3-M3 -> 202.28 | S3: 45717
A4: P0014 | B4: דניאל בנדרימר | C4: מל"מ | D4: 26/01/2025 | E4: 30/01/2025 | F4: 01/2025 | G4: 5 | H4: 5 | I4: 0 | J4: 1 | K4: 0 | L4: 670.60452 | M4: =L4*H4 -> 3353.0226 | P4: =גיליון2!O26 -> 3981 | Q4: =גיליון2!X26 -> 45700 | R4: =P4-M4 -> 627.97739 | S4: 45717
A5: P0026 | B5: יורם שלמה | C5: רוה"מ | D5: 01/01/2025 | E5: 01/01/2025 | F5: 01/2025 | G5: 1 | H5: 1 | I5: 0 | J5: 0 | K5: 0 | L5: 1096.1698 | M5: =L5*H5 -> 1096.1698 | P5: =גיליון2!O6 -> 1051 | Q5: =גיליון2!X6 -> 45697 | R5: =P5-M5 -> -45.16982 | S5: 45809
A6: P0026 | B6: יורם שלמה | C6: רוה"מ | D6: 01/01/2025 | E6: 01/01/2025 | F6: 01/2025 | G6: 1 | H6: 1 | I6: 0 | J6: 0 | K6: 0 | O6: =גיליון2!S8 -> 422 | Q6: =גיליון2!X8 -> 45775 | R6: =O6 -> 422 | S6: 45809
A7: P0027 | B7: יורם שלמה | C7: רוה"מ | D7: 19/01/2025 | E7: 23/01/2025 | F7: 01/2025 | G7: 5 | H7: 4 | I7: 0 | J7: 1 | K7: 0 | L7: 1096.1698 | M7: =L7*H7 -> 4384.6793 | P7: =גיליון2!O7 -> 5257 | Q7: =גיליון2!X7 -> 45697 | R7: =P7-M7 -> 872.32072 | S7: 45809
A8: P0055 | B8: לוי דור | C8: רפאל | D8: 22/01/2025 | E8: 30/01/2025 | F8: 01/2025 | G8: 9 | H8: 7 | I8: 1 | J8: 1 | K8: 0 | L8: 826.99585 | M8: =L8*H8 -> 5788.9709 | P8: =גיליון2!O25 -> 6992 | Q8: =גיליון2!X25 -> 45700 | R8: =P8-M8 -> 1203.0291 | S8: 45717 | T8: לבדוק תקינות יום+ הפרש ששולם לא כלל שישי- שבת
A9: P0063 | B9: מנפרד מרקוביץ' | C9: רפאל | D9: 07/01/2025 | E9: 07/01/2025 | F9: 01/2025 | G9: 1 | H9: 1 | I9: 0 | J9: 0 | K9: 0 | L9: 868.57407 | M9: =L9*H9 -> 868.57407 | P9: =גיליון2!O2 -> 1437 | Q9: =גיליון2!X2 -> 45697 | R9: =P9-(L9*G9) -> 568.42593 | S9: 45717
A10: P0063 | B10: מנפרד מרקוביץ' | C10: רפאל | D10: 07/01/2025 | E10: 07/01/2025 | F10: 01/2025 | G10: 1 | H10: 1 | I10: 0 | J10: 0 | K10: 0 | O10: 575 | Q10: 45775 | R10: =O10 -> 575 | S10: 45809
A11: P0064 | B11: מנפרד מרקוביץ' | C11: רפאל | D11: 16/01/2025 | E11: 16/01/2025 | F11: 01/2025 | G11: 1 | H11: 1 | I11: 0 | J11: 0 | K11: 0 | L11: 868.57407 | M11: =L11*H11 -> 868.57407 | P11: =גיליון2!O3 -> 1437 | Q11: =גיליון2!X3 -> 45697 | R11: =P11-(L11*G11) -> 568.42593 | S11: 45717
A12: P0064 | B12: מנפרד מרקוביץ' | C12: רפאל | D12: 16/01/2025 | E12: 16/01/2025 | F12: 01/2025 | G12: 1 | H12: 1 | I12: 0 | J12: 0 | K12: 0 | O12: 575 | Q12: 45775 | R12: =O12 -> 575 | S12: 45809
A13: P0074 | B13: משה בורך | C13: רפאל | D13: 09/01/2025 | E13: 09/01/2025 | F13: 01/2025 | G13: 1 | H13: 1 | I13: 0 | J13: 0 | K13: 0 | L13: =(17000+1265+1885)/21.67 -> 929.85695 | M13: =L13*H13 -> 929.85695 | P13: =גיליון2!O11 -> 763 | Q13: =גיליון2!X11 -> 45708 | R13: =P13-(L13*H13) -> -166.85695 | S13: 45717
A14: P0074 | B14: משה בורך | C14: רפאל | D14: 09/01/2025 | E14: 09/01/2025 | F14: 01/2025 | G14: 1 | H14: 1 | I14: 0 | J14: 0 | K14: 0 | L14: =(17000+1265+1885)/21.67 -> 929.85695 | O14: 305 | Q14: 45775 | R14: =O14 -> 305 | S14: 45809
A15: P0075 | B15: משה בורך | C15: רפאל | D15: 29/01/2025 | E15: 30/01/2025 | F15: 01/2025 | G15: 2 | H15: 2 | I15: 0 | J15: 0 | K15: 0 | L15: 929.85695 | M15: =L15*H15 -> 1859.7139 | P15: =גיליון2!O10 -> 2137 | Q15: =גיליון2!X10 -> 45700 | R15: =P15-(L15*H15) -> 277.28611 | S15: 45717
A16: P0095 | B16: נתן פרדר | C16: רוה"מ | D16: 01/01/2025 | E16: 45660 | F16: 01/2025 | G16: 3 | H16: 3 | I16: 0 | J16: 0 | K16: 0 | L16: 914.85925 | M16: =L16*H16 -> 2744.5778 | P16: =גיליון2!O23 -> 2206 | Q16: =גיליון2!X13 -> 45697 | R16: =P16-(L16*H16) -> -538.57776 | T16: במרכז
A17: P0096 | B17: נתן פרדר | C17: רוה"מ | D17: 05/01/2025 | E17: 11/01/2025 | F17: 01/2025 | G17: 7 | H17: 5 | I17: 1 | J17: 1 | K17: 0 | L17: 914.85925 | M17: =L17*H17 -> 4574.2963 | P17: =SUM(גיליון2!O13:O16) -> 7809 | Q17: =גיליון2!X14 -> 45697 | R17: =P17-(L17*H17) -> 3234.7037 | T17: במרכז
A18: P0097 | B18: נתן פרדר | C18: רוה"מ | D18: 14/01/2025 | E18: 17/01/2025 | F18: 01/2025 | G18: 4 | H18: 4 | I18: 0 | J18: 0 | K18: 0 | L18: 914.85925 | M18: =L18*H18 -> 3659.437 | P18: =גיליון2!O17+גיליון2!O18 -> 4462 | Q18: =גיליון2!X15 -> 45697 | R18: =P18-(L18*H18) -> 802.56299 | T18: במרכז
A19: P0097 | B19: נתן פרדר | C19: רוה"מ | D19: 14/01/2025 | E19: 17/01/2025 | F19: 01/2025 | G19: 4 | H19: 4 | I19: 0 | J19: 0 | K19: 0 | O19: 1785 | Q19: 45775 | R19: =O19 -> 1785 | T19: במרכז
A20: P0098 | B20: נתן פרדר | C20: רוה"מ | D20: 20/01/2025 | E20: 20/01/2025 | F20: 01/2025 | G20: 1 | H20: 1 | I20: 0 | J20: 0 | K20: 0 | L20: 914.85925 | M20: =L20*H20 -> 914.85925 | P20: =גיליון2!O19 -> 1116 | Q20: =גיליון2!X19 -> 45697 | R20: =P20-(L20*H20) -> 201.14075 | T20: במרכז
A21: P0098 | B21: נתן פרדר | C21: רוה"מ | D21: 20/01/2025 | E21: 20/01/2025 | F21: 01/2025 | G21: 1 | H21: 1 | I21: 0 | J21: 0 | K21: 0 | O21: 446 | Q21: 45775 | T21: במרכז
A22: P0099 | B22: נתן פרדר | C22: רוה"מ | D22: 24/01/2025 | E22: 26/01/2025 | F22: 01/2025 | G22: 3 | H22: 1 | I22: 1 | J22: 1 | K22: 0 | L22: 914.85925 | M22: =L22*H22 -> 914.85925 | P22: =גיליון2!O20 -> 1116 | Q22: =גיליון2!X21 -> 45775 | R22: =P22-(L22*H22) -> 201.14075 | T22: במרכז
A23: P0023 | B23: יום טוב מוסארי | C23: רוה"מ | D23: 20/02/2025 | E23: 20/02/2025 | F23: 02/2025 | G23: 1 | H23: 1 | I23: 0 | J23: 0 | K23: 0 | L23: 1282.4642 | M23: =L23*H23 -> 1282.4642 | N23: 256.49285
A24: P0024 | B24: יום טוב מוסארי | C24: רוה"מ | D24: 23/02/2025 | E24: 23/02/2025 | F24: 02/2025 | G24: 1 | H24: 0 | I24: 0 | J24: 1 | K24: 0 | L24: 1282.4642 | M24: =L24*H24 -> 0 | N24: 0
A25: P0027 | B25: יורם שלמה | C25: רוה"מ | D25: 19/01/2025 | E25: 23/01/2025 | F25: 01/2025 | G25: 5 | H25: 4 | I25: 0 | J25: 1 | K25: 0 | O25: =גיליון2!S9 -> 2115 | Q25: =גיליון2!X9 -> 45775 | R25: =O25 -> 2115 | S25: 45809
A26: P0028 | B26: יורם שלמה | C26: רוה"מ | D26: 10/02/2025 | E26: 10/02/2025 | F26: 02/2025 | G26: 1 | H26: 1 | I26: 0 | J26: 0 | K26: 0 | L26: 1096.1698 | M26: =L26*H26 -> 1096.1698 | P26: =גיליון2!O30 -> 1174 | Q26: =גיליון2!X30 -> 45770 | R26: =P26-M26 -> 77.83018
A27: P0029 | B27: יורם שלמה | C27: רוה"מ | D27: 18/02/2025 | E27: 19/02/2025 | F27: 02/2025 | G27: 2 | H27: 2 | I27: 0 | J27: 0 | K27: 0 | L27: 1096.1698 | M27: =L27*H27 -> 2192.3396 | P27: =גיליון2!O31 -> 3287 | Q27: =גיליון2!X31 -> 45770 | R27: =P27-M27 -> 1094.6604
A28: P0030 | B28: יורם שלמה | C28: רוה"מ | D28: 26/02/2025 | E28: 26/02/2025 | F28: 02/2025 | G28: 1 | H28: 1 | I28: 0 | J28: 0 | K28: 0 | L28: 1096.1698 | M28: =L28*H28 -> 1096.1698 | P28: =גיליון2!O32 -> 1174 | Q28: =גיליון2!X32 -> 45770 | R28: =P28-M28 -> 77.83018
A29: P0065 | B29: מנפרד מרקוביץ' | C29: רפאל | D29: 24/02/2025 | E29: 28/02/2025 | F29: 02/2025 | G29: 5 | H29: 5 | I29: 0 | J29: 0 | K29: 0 | L29: 868.57407 | M29: =L29*H29 -> 4342.8703 | P29: =גיליון2!O27 -> 7184 | Q29: =גיליון2!X27 -> 45770 | R29: =P29-(L29*G29) -> 2841.1297
A30: P0076 | B30: משה בורך | C30: רפאל | D30: 23/02/2025 | E30: 23/02/2025 | F30: 02/2025 | G30: 1 | H30: 0 | I30: 0 | J30: 1 | K30: 0 | L30: 929.85695 | M30: =L30*H30 -> 0
A31: P0077 | B31: משה בורך | C31: רפאל | D31: 26/02/2025 | E31: 26/02/2025 | F31: 02/2025 | G31: 1 | H31: 1 | I31: 0 | J31: 0 | K31: 0 | L31: 929.85695 | M31: =L31*H31 -> 929.85695
A32: P0100 | B32: נתן פרדר | C32: רוה"מ | D32: 10/02/2025 | E32: 11/02/2025 | F32: 02/2025 | G32: 2 | H32: 2 | I32: 0 | J32: 0 | K32: 0 | L32: 914.85925 | M32: =L32*H32 -> 1829.7185
A33: P0101 | B33: נתן פרדר | C33: רוה"מ | D33: 13/02/2025 | E33: 13/02/2025 | F33: 02/2025 | G33: 1 | H33: 1 | I33: 0 | J33: 0 | K33: 0 | L33: 914.85925 | M33: =L33*H33 -> 914.85925
A34: P0102 | B34: נתן פרדר | C34: רוה"מ | D34: 17/02/2025 | E34: 18/02/2025 | F34: 02/2025 | G34: 2 | H34: 2 | I34: 0 | J34: 0 | K34: 0 | L34: 914.85925 | M34: =L34*H34 -> 1829.7185
A35: P0103 | B35: נתן פרדר | C35: רוה"מ | D35: 24/02/2025 | E35: 25/02/2025 | F35: 02/2025 | G35: 2 | H35: 2 | I35: 0 | J35: 0 | K35: 0 | L35: 914.85925 | M35: =L35*H35 -> 1829.7185
A36: P0001 | B36: אוראל שווקי | C36: רפאל | D36: 19/03/2025 | E36: 19/03/2025 | F36: 03/2025 | G36: 1 | H36: 1 | I36: 0 | J36: 0 | K36: 0 | L36: 863.72866 | M36: =L36*H36 -> 863.72866 | N36: 172.74573
A37: P0009 | B37: אריאל אליה | C37: מל"מ | D37: 02/03/2025 | E37: 05/03/2025 | F37: 03/2025 | G37: 4 | H37: 3 | I37: 0 | J37: 1 | K37: 0 | L37: 868.85095 | M37: =L37*H37 -> 2606.5528 | N37: 521.31057
A38: P0031 | B38: יורם שלמה | C38: רוה"מ | D38: 04/03/2025 | E38: 04/03/2025 | F38: 03/2025 | G38: 1 | H38: 1 | I38: 0 | J38: 0 | K38: 0 | L38: 1096.1698 | M38: =L38*H38 -> 1096.1698 | P38: =גיליון2!O33 -> 1233 | Q38: =גיליון2!X33 -> 45770 | R38: =P38-M38 -> 136.83018
A39: P0032 | B39: יורם שלמה | C39: רוה"מ | D39: 17/03/2025 | E39: 45735 | F39: 03/2025 | G39: 3 | H39: 3 | I39: 0 | J39: 0 | K39: 0 | L39: 1096.1698 | M39: =L39*H39 -> 3288.5095 | P39: =גיליון2!O34+גיליון2!O35 -> 3699 | Q39: =גיליון2!X33 -> 45770 | R39: =P39-M39 -> 410.49054
A40: P0033 | B40: יורם שלמה | C40: רוה"מ | D40: 30/03/2025 | E40: 45747 | F40: 03/2025 | G40: 2 | H40: 2 | I40: 0 | J40: 0 | K40: 0 | L40: 1096.1698 | M40: =L40*H40 -> 2192.3396 | P40: =גיליון2!O36 -> 2466 | Q40: =גיליון2!X36 -> 45770 | R40: =P40-M40 -> 273.66036
A41: P0050 | B41: לאון שמייב | C41: רוה"מ | D41: 24/03/2025 | E41: 24/03/2025 | F41: 03/2025 | G41: 1 | H41: 1 | I41: 0 | J41: 0 | K41: 0 | L41: 730.27227 | M41: =L41*H41 -> 730.27227 | N41: 146.05445
A42: P0066 | B42: מנפרד מרקוביץ' | C42: רפאל | D42: 19/03/2025 | E42: 20/03/2025 | F42: 03/2025 | G42: 2 | H42: 2 | I42: 0 | J42: 0 | K42: 0 | L42: 868.57407 | M42: =L42*H42 -> 1737.1481 | P42: =גיליון2!O28 -> 2873 | Q42: =גיליון2!X28 -> 45770 | R42: =P42-(L42*G42) -> 1135.8519
A43: P0066 | B43: מנפרד מרקוביץ' | C43: רפאל | D43: 19/03/2025 | E43: 20/03/2025 | F43: 03/2025 | G43: 2 | H43: 2 | I43: 0 | J43: 0 | K43: 0 | O43: 1149 | Q43: 45834 | R43: =O43 -> 1149
A44: P0067 | B44: מנפרד מרקוביץ' | C44: רפאל | D44: 26/03/2025 | E44: 26/03/2025 | F44: 03/2025 | G44: 1 | H44: 1 | I44: 0 | J44: 0 | K44: 0 | L44: 868.57407 | M44: =L44*H44 -> 868.57407 | P44: =גיליון2!O29 -> 1437 | Q44: =גיליון2!X29 -> 45770 | R44: =P44-(L44*G44) -> 568.42593
A45: P0034 | B45: יורם שלמה | C45: רוה"מ | D45: 45748 | E45: 45750 | F45: 04/2025 | G45: 3 | H45: 3 | I45: 0 | J45: 0 | K45: 0 | L45: 1096.17 | M45: =L45*H45 -> 3288.51 | N45: 760 | P45: 4998 | Q45: 45877 | R45: =P45-M45 -> 1709.49 | T45: לא שולם- בני- בהמשך -09.11.25
A46: P0034 | B46: יורם שלמה | C46: רוה"מ | D46: 09/04/2025 | E46: 10/04/2025 | F46: 04/2025 | G46: 2 | H46: 2 | I46: 0 | J46: 0 | K46: 0 | L46: 1096.1698 | M46: =L46*H46 -> 2192.3396 | N46: 506 | P46: 3332 | Q46: 45877 | R46: =P46-M46 -> 1139.6604 | T46: לא שולם- בני- בהמשך -09.11.25
A47: P0035 | B47: יורם שלמה | C47: רוה"מ | D47: 45781 | E47: 08/05/2025 | F47: 05/2025 | G47: 5 | H47: 5 | I47: 0 | J47: 0 | K47: 0 | L47: 1096.1698 | M47: =L47*H47 -> 5480.8491 | N47: 1254 | P47: 8775 | Q47: 45877 | R47: =P47-M47 -> 3294.1509 | T47: לא שולם- בני- בהמשך -09.11.25
A48: P0067 | B48: מנפרד מרקוביץ' | C48: רפאל | D48: 26/03/2025 | E48: 26/03/2025 | F48: 03/2025 | G48: 1 | H48: 1 | I48: 0 | J48: 0 | K48: 0 | O48: 575 | Q48: 45834 | R48: =O48 -> 575
A49: P0093 | B49: משה פינץ | C49: רוה"מ | D49: 18/03/2025 | E49: 20/03/2025 | F49: 03/2025 | G49: 3 | H49: 3 | I49: 0 | J49: 0 | K49: 0 | L49: 914.9054 | M49: =L49*H49 -> 2744.7162 | N49: 548.94324
A50: P0036 | B50: יורם שלמה | C50: רוה"מ | D50: 12/05/2025 | E50: 12/05/2025 | F50: 05/2025 | G50: 1 | H50: 1 | I50: 0 | J50: 0 | K50: 0 | L50: 1096.1698 | M50: =L50*H50 -> 1096.1698 | N50: 251 | P50: 1254 | Q50: 45877 | R50: =P50-M50 -> 157.83018 | T50: לא שולם- בני- בהמשך -09.11.25
A51: P0037 | B51: יורם שלמה | C51: רוה"מ | D51: 28/05/2025 | E51: 28/05/2025 | F51: 05/2025 | G51: 1 | H51: 1 | I51: 0 | J51: 0 | K51: 0 | L51: 1096.1698 | M51: =L51*H51 -> 1096.1698 | N51: 251 | P51: 1254 | Q51: 45877 | R51: =P51-M51 -> 157.83018 | T51: לא שולם- בני- בהמשך -09.11.25
A52: P0106 | B52: נתן פרדר | C52: רוה"מ | D52: 24/03/2025 | E52: 25/03/2025 | F52: 03/2025 | G52: 2 | H52: 2 | I52: 0 | J52: 0 | K52: 0 | L52: 914.85925 | M52: =L52*H52 -> 1829.7185
A53: P0107 | B53: נתן פרדר | C53: רוה"מ | D53: 27/03/2025 | E53: 28/03/2025 | F53: 03/2025 | G53: 2 | H53: 2 | I53: 0 | J53: 0 | K53: 0 | L53: 914.85925 | M53: =L53*H53 -> 1829.7185
A54: P0108 | B54: נתן פרדר | C54: רוה"מ | D54: 30/03/2025 | E54: 03/04/2025 | F54: 03/2025 | G54: 5 | H54: 4 | I54: 0 | J54: 1 | K54: 0 | L54: 914.85925 | M54: =L54*H54 -> 3659.437
A55: P0128 | B55: צחי חנגל | C55: רפאל | D55: 17/03/2025 | E55: 20/03/2025 | F55: 03/2025 | G55: 4 | H55: 4 | I55: 0 | J55: 0 | K55: 0 | L55: 812.22889 | M55: =L55*H55 -> 3248.9156 | N55: 649.78311
A56: P0010 | B56: אריאל אליה | C56: מל"מ | D56: 23/04/2025 | E56: 23/04/2025 | F56: 04/2025 | G56: 1 | H56: 1 | I56: 0 | J56: 0 | K56: 0 | L56: 868.85095 | M56: =L56*H56 -> 868.85095 | N56: 173.77019
A57: P0011 | B57: אריאל אליה | C57: מל"מ | D57: 27/04/2025 | E57: 27/04/2025 | F57: 04/2025 | G57: 1 | H57: 0 | I57: 0 | J57: 1 | K57: 0 | L57: 868.85095 | M57: =L57*H57 -> 0 | N57: 0
A58: P0015 | B58: דניאל בנדרימר | C58: מל"מ | D58: 22/04/2025 | E58: 29/05/2025 | F58: 04/2025 | G58: 38 | H58: 28 | I58: 5 | J58: 5 | K58: 0 | L58: 670.60452 | M58: =L58*H58 -> 18776.927 | N58: 3755.3853
A59: P0038 | B59: יורם שלמה | C59: רוה"מ | D59: 05/06/2025 | E59: 05/06/2025 | F59: 06/2025 | G59: 1 | H59: 1 | I59: 0 | J59: 0 | K59: 0 | L59: 1096.1698 | M59: =L59*H59 -> 1096.1698 | N59: 259 | P59: 1811 | Q59: 45877 | R59: =P59-M59 -> 714.83018 | T59: לא שולם- בני- בהמשך -09.11.25
A60: P0056 | B60: לוי דור | C60: רפאל | D60: 22/04/2025 | E60: 24/04/2025 | F60: 04/2025 | G60: 3 | H60: 3 | I60: 0 | J60: 0 | K60: 0 | L60: 826.99585 | M60: =L60*H60 -> 2480.9875 | N60: 496.19751
A61: P0039 | B61: יורם שלמה | C61: רוה"מ | D61: 11/06/2025 | E61: 12/06/2025 | F61: 06/2025 | G61: 2 | H61: 2 | I61: 0 | J61: 0 | K61: 0 | L61: 1096.1698 | M61: =L61*H61 -> 2192.3396 | N61: 517 | P61: 2587 | Q61: 45877 | R61: =P61-M61 -> 394.66036 | T61: לא שולם- בני- בהמשך -09.11.25
A62: P0068 | B62: מנפרד מרקוביץ' | C62: רפאל | D62: 02/04/2025 | E62: 02/04/2025 | F62: 04/2025 | G62: 1 | H62: 1 | I62: 0 | J62: 0 | K62: 0 | L62: 868.57407 | M62: =L62*H62 -> 868.57407 | N62: 250 | P62: 1437 | Q62: 45877 | R62: =P62-M62 -> 568.42593 | S62: 45931
A63: P0069 | B63: מנפרד מרקוביץ' | C63: רפאל | D63: 08/04/2025 | E63: 08/04/2025 | F63: 04/2025 | G63: 1 | H63: 1 | I63: 0 | J63: 0 | K63: 0 | L63: 868.57407 | M63: =L63*H63 -> 868.57407 | N63: 250 | P63: 1437 | Q63: 45877 | R63: =P63-M63 -> 568.42593 | S63: 45931
A64: P0082 | B64: משה בורך | C64: רפאל | D64: 27/04/2025 | E64: 27/04/2025 | F64: 04/2025 | G64: 1 | H64: 1 | I64: 0 | J64: 1 | K64: 0 | L64: 929.85695 | M64: =L64*H64 -> 929.85695
A65: P0109 | B65: נתן פרדר | C65: רוה"מ | D65: 06/04/2025 | E65: 06/04/2025 | F65: 04/2025 | G65: 1 | H65: 0 | I65: 0 | J65: 1 | K65: 0 | L65: 914.85925 | M65: =L65*H65 -> 0
A66: P0110 | B66: נתן פרדר | C66: רוה"מ | D66: 09/04/2025 | E66: 09/04/2025 | F66: 04/2025 | G66: 1 | H66: 1 | I66: 0 | J66: 0 | K66: 0 | L66: 914.85925 | M66: =L66*H66 -> 914.85925
A67: P0111 | B67: נתן פרדר | C67: רוה"מ | D67: 21/04/2025 | E67: 23/04/2025 | F67: 04/2025 | G67: 3 | H67: 3 | I67: 0 | J67: 0 | K67: 0 | L67: 914.85925 | M67: =L67*H67 -> 2744.5778
A68: P0112 | B68: נתן פרדר | C68: רוה"מ | D68: 29/04/2025 | E68: 29/04/2025 | F68: 04/2025 | G68: 1 | H68: 1 | I68: 0 | J68: 0 | K68: 0 | L68: 914.85925 | M68: =L68*H68 -> 914.85925
A69: P0004 | B69: אייל מלח | C69: רפאל | D69: 19/05/2025 | E69: 21/05/2025 | F69: 05/2025 | G69: 3 | H69: 3 | I69: 0 | J69: 0 | K69: 0 | L69: 946.00831 | M69: =L69*H69 -> 2838.0249 | N69: 567.60498
A70: P0012 | B70: אריאל אליה | C70: מל"מ | D70: 04/05/2025 | E70: 24/05/2025 | F70: 05/2025 | G70: 21 | H70: 15 | I70: 3 | J70: 3 | K70: 0 | L70: 868.85095 | M70: =L70*H70 -> 13032.764 | N70: 2606.5528
A71: P0070 | B71: מנפרד מרקוביץ' | C71: רפאל | D71: 04/05/2025 | E71: 04/05/2025 | F71: 05/2025 | G71: 1 | H71: 1 | I71: 0 | J71: 0 | K71: 0 | L71: 868.57407 | M71: =L71*H71 -> 868.57407 | N71: 178 | P71: 891 | Q71: 45877 | R71: =P71-M71 -> 22.425934 | S71: 45931
A72: P0071 | B72: מנפרד מרקוביץ' | C72: רפאל | D72: 07/05/2025 | E72: 07/05/2025 | F72: 05/2025 | G72: 1 | H72: 1 | I72: 0 | J72: 0 | K72: 0 | L72: 868.57407 | M72: =L72*H72 -> 868.57407 | N72: 178 | P72: 891 | Q72: 45877 | R72: =P72-M72 -> 22.425934 | S72: 45931
A73: P0072 | B73: מנפרד מרקוביץ' | C73: רפאל | D73: 12/05/2025 | E73: 12/05/2025 | F73: 05/2025 | G73: 1 | H73: 1 | I73: 0 | J73: 0 | K73: 0 | L73: 868.57407 | M73: =L73*H73 -> 868.57407 | N73: 178 | P73: 891 | Q73: 45877 | R73: =P73-M73 -> 22.425934 | S73: 45931
A74: P0051 | B74: לאון שמייב | C74: רוה"מ | D74: 25/05/2025 | E74: 27/05/2025 | F74: 05/2025 | G74: 3 | H74: 2 | I74: 0 | J74: 1 | K74: 0 | L74: 730.27227 | M74: =L74*H74 -> 1460.5445 | N74: 292.10891
A75: P0057 | B75: לוי דור | C75: רפאל | D75: 20/05/2025 | E75: 22/05/2025 | F75: 05/2025 | G75: 3 | H75: 3 | I75: 0 | J75: 0 | K75: 0 | L75: 826.99585 | M75: =L75*H75 -> 2480.9875 | N75: 496.19751
A76: P0058 | B76: לוי דור | C76: רפאל | D76: 26/05/2025 | E76: 30/05/2025 | F76: 05/2025 | G76: 5 | H76: 5 | I76: 0 | J76: 0 | K76: 0 | L76: 826.99585 | M76: =L76*H76 -> 4134.9792 | N76: 826.99585
A77: P0073 | B77: מנפרד מרקוביץ' | C77: רפאל | D77: 24/05/2025 | E77: 24/05/2025 | F77: 05/2025 | G77: 1 | H77: 1 | I77: 0 | J77: 0 | K77: 0 | L77: 868.57407 | M77: =L77*H77 -> 868.57407 | N77: 178 | P77: 891 | Q77: 45877 | R77: =P77-M77 -> 22.425934 | S77: 45931
A78: P0073 | B78: מנפרד מרקוביץ' | C78: רפאל | D78: 45802 | E78: 45808 | F78: 05/2025 | G78: 7 | H78: 5 | I78: 2 | J78: 0 | K78: 0 | L78: 868.57407 | M78: =L78*H78 -> 4342.8703 | N78: 1247 | P78: 6234 | Q78: 45877 | R78: =P78-M78 -> 1891.1297 | S78: 45931
A79: P0073 | B79: מנפרד מרקוביץ' | C79: רפאל | D79: 45809 | E79: 45838 | F79: 06/2025 | G79: 30 | H79: 22 | I79: 4 | J79: 4 | K79: 0 | L79: 868.57407 | M79: ='[1]1️⃣ רשימת עובדים'!F13 -> 18822 | N79: 5333 | P79: 26717 | Q79: 45877 | R79: =P79-M79 -> 7895 | S79: 45931
A80: P0073 | B80: מנפרד מרקוביץ' | C80: רפאל | D80: 45839 | E80: 45869 | F80: 07/2025 | G80: 31 | H80: 23 | I80: 4 | J80: 4 | K80: 0 | L80: 868.57407 | M80: ='[1]1️⃣ רשימת עובדים'!F5 -> 18828 | N80: 5448 | P80: 27607 | Q80: 45877 | R80: =P80-M80 -> 8779 | S80: 45931
A81: P0078 | B81: משה בורך | C81: רפאל | D81: 05/03/2025 | E81: 05/03/2025 | F81: 03/2025 | G81: 1 | H81: 1 | I81: 0 | J81: 0 | K81: 0 | L81: 929.85695 | M81: =L81*H81 -> 929.85695 | N81: 162 | P81: 1136 | Q81: 45877 | R81: =P81-M81 -> 206.14305 | T81: לא שולם- מועבר לולדה לבדיקה שח 05-07.2025- הפרשים שליליים
A82: P0079 | B82: משה בורך | C82: רפאל | D82: 24/03/2025 | E82: 25/03/2025 | F82: 03/2025 | G82: 2 | H82: 2 | I82: 0 | J82: 0 | K82: 0 | L82: 929.85695 | M82: =L82*H82 -> 1859.7139 | N82: 325 | P82: 2273 | Q82: 45877 | R82: =P82-M82 -> 413.28611 | T82: לא שולם- מועבר לולדה לבדיקה שח 05-07.2025- הפרשים שליליים
A83: P0080 | B83: משה בורך | C83: רפאל | D83: 27/03/2025 | E83: 27/03/2025 | F83: 03/2025 | G83: 1 | H83: 1 | I83: 0 | J83: 0 | K83: 0 | L83: 929.85695 | M83: =L83*H83 -> 929.85695 | N83: 162 | P83: 1136 | Q83: 45877 | R83: =P83-M83 -> 206.14305 | T83: לא שולם- מועבר לולדה לבדיקה שח 05-07.2025- הפרשים שליליים
A84: P0081 | B84: משה בורך | C84: רפאל | D84: 21/04/2025 | E84: 21/04/2025 | F84: 04/2025 | G84: 1 | H84: 1 | I84: 0 | J84: 0 | K84: 0 | L84: 929.85695 | M84: =L84*H84 -> 929.85695 | N84: 163 | P84: 1138 | Q84: 45877 | R84: =P84-M84 -> 208.14305 | T84: לא שולם- מועבר לולדה לבדיקה שח 05-07.2025- הפרשים שליליים
A85: P0113 | B85: נתן פרדר | C85: רוה"מ | D85: 05/05/2025 | E85: 06/05/2025 | F85: 05/2025 | G85: 2 | H85: 2 | I85: 0 | J85: 0 | K85: 0 | L85: 914.85925 | M85: =L85*H85 -> 1829.7185
A86: P0114 | B86: נתן פרדר | C86: רוה"מ | D86: 18/05/2025 | E86: 18/05/2025 | F86: 05/2025 | G86: 1 | H86: 0 | I86: 0 | J86: 1 | K86: 0 | L86: 914.85925 | M86: =L86*H86 -> 0
A87: P0115 | B87: נתן פרדר | C87: רוה"מ | D87: 20/05/2025 | E87: 20/05/2025 | F87: 05/2025 | G87: 1 | H87: 1 | I87: 0 | J87: 0 | K87: 0 | L87: 914.85925 | M87: =L87*H87 -> 914.85925
A88: P0116 | B88: נתן פרדר | C88: רוה"מ | D88: 22/05/2025 | E88: 22/05/2025 | F88: 05/2025 | G88: 1 | H88: 1 | I88: 0 | J88: 0 | K88: 0 | L88: 914.85925 | M88: =L88*H88 -> 914.85925
A89: P0117 | B89: נתן פרדר | C89: רוה"מ | D89: 25/05/2025 | E89: 25/05/2025 | F89: 05/2025 | G89: 1 | H89: 0 | I89: 0 | J89: 1 | K89: 0 | L89: 914.85925 | M89: =L89*H89 -> 0
A90: P0129 | B90: צחי חנגל | C90: רפאל | D90: 21/05/2025 | E90: 22/05/2025 | F90: 05/2025 | G90: 2 | H90: 2 | I90: 0 | J90: 0 | K90: 0 | L90: 812.22889 | M90: =L90*H90 -> 1624.4578 | N90: 324.89156
A91: P0130 | B91: צחי חנגל | C91: רפאל | D91: 25/05/2025 | E91: 29/05/2025 | F91: 05/2025 | G91: 5 | H91: 4 | I91: 0 | J91: 1 | K91: 0 | L91: 812.22889 | M91: =L91*H91 -> 3248.9156 | N91: 649.78311
A92: P0136 | B92: רפאל שועה | C92: מל"מ | D92: 27/05/2025 | E92: 28/05/2025 | F92: 05/2025 | G92: 2 | H92: 2 | I92: 0 | J92: 0 | K92: 0 | L92: 815.41301 | M92: =L92*H92 -> 1630.826 | N92: 326.16521
A93: P0005 | B93: אייל מלח | C93: רפאל | D93: 12/06/2025 | E93: 26/06/2025 | F93: 06/2025 | G93: 15 | H93: 11 | I93: 2 | J93: 2 | K93: 0 | L93: 946.00831 | M93: =L93*H93 -> 10406.091 | N93: 2081.2183
A94: P0016 | B94: דניאל בנדרימר | C94: מל"מ | D94: 03/06/2025 | E94: 30/06/2025 | F94: 06/2025 | G94: 28 | H94: 20 | I94: 4 | J94: 4 | K94: 0 | L94: 670.60452 | M94: =L94*H94 -> 13412.09 | N94: 2682.4181
A95: P0022 | B95: חיים ראש | C95: מל"מ | D95: 05/06/2025 | E95: 05/06/2025 | F95: 06/2025 | G95: 1 | H95: 1 | I95: 0 | J95: 0 | K95: 0 | L95: 950.00461 | M95: =L95*H95 -> 950.00461 | N95: 190.00092
A96: P0025 | B96: יום טוב מוסארי | C96: רוה"מ | D96: 12/06/2025 | E96: 29/06/2025 | F96: 06/2025 | G96: 18 | H96: 12 | I96: 3 | J96: 3 | K96: 0 | L96: 1282.4642 | M96: =L96*H96 -> 15389.571 | N96: 3077.9142
A97: P0083 | B97: משה בורך | C97: רפאל | D97: 04/05/2025 | E97: 04/05/2025 | F97: 05/2025 | G97: 1 | H97: 1 | I97: 0 | J97: 1 | K97: 0 | L97: 929.85695 | M97: =L97*H97 -> 929.85695 | N97: 161 | P97: 511 | Q97: 45877 | R97: =P97-M97 -> -418.85695 | T97: לא שולם- מועבר לולדה לבדיקה שח 05-07.2025- הפרשים שליליים
A98: P0084 | B98: משה בורך | C98: רפאל | D98: 12/05/2025 | E98: 15/05/2025 | F98: 05/2025 | G98: 4 | H98: 4 | I98: 0 | J98: 0 | K98: 0 | L98: 929.85695 | M98: =L98*H98 -> 3719.4278 | N98: 644 | P98: 2042 | Q98: 45877 | R98: =P98-M98 -> -1677.4278 | T98: לא שולם- מועבר לולדה לבדיקה שח 05-07.2025- הפרשים שליליים
A99: P0052 | B99: לאון שמייב | C99: רוה"מ | D99: 16/06/2025 | E99: 23/06/2025 | F99: 06/2025 | G99: 8 | H99: 6 | I99: 1 | J99: 1 | K99: 0 | L99: 730.27227 | M99: =L99*H99 -> 4381.6336 | N99: 876.32672
A100: P0059 | B100: לוי דור | C100: רפאל | D100: 18/06/2025 | E100: 22/06/2025 | F100: 06/2025 | G100: 5 | H100: 3 | I100: 1 | J100: 1 | K100: 0 | L100: 826.99585 | M100: =L100*H100 -> 2480.9875 | N100: 496.19751
...

Sheet גיליון2
A1: זהות | B1: תאריך שרות | C1: תאריך סיום שרות | D1: ימי שרות | E1: סידורי תביעה | F1: סוג תביעה | G1: סוג שרות | H1: סיבת עיכוב | I1: החלטה | J1: שם משפחה | K1: שם פרטי | L1: קוד שגיאה | M1: תאור שגיאה | N1: סיבת דחיה | O1: תגמול | P1: תגמול נדרש | Q1: פיצוי %20 למעסיק | R1: סכום הצמדה | S1: תוספת 40% לעובד | T1: תאריך משכורת | U1: שיוך מחלקתי | V1: מס' תביעת מעסיק | W1: מנה | X1: ת_תשלום | Y1: חודש שכר תשלום הפרשים
A2: 11915519 | B2: 45664 | C2: 45664 | D2: 1 | E2: 1 | F2: מקור | G2: רגיל | I2: אישור | J2: מרקוביץ' | K2: מנפרד | O2: 1437 | P2: 821 | Q2: 164 | R2: 0 | T2: 45658 | V2: 203 | W2: 203 | X2: 45697
A3: 11915519 | B3: 45673 | C3: 45673 | D3: 1 | E3: 1 | F3: מקור | G3: רגיל | I3: אישור | J3: מרקוביץ' | K3: מנפרד | O3: 1437 | P3: 821 | Q3: 164 | R3: 0 | T3: 45658 | V3: 203 | W3: 203 | X3: 45697
A4: 11915519 | B4: 07/01/2025 | C4: 07/01/2025 | D4: 1 | E4: 1 | I4: תוספת | J4: מרקוביץ' | K4: מנפרד | S4: 578 | T4: 45658 | V4: 203 | W4: 410 | X4: 45775
A5: 11915519 | B5: 16/01/2025 | C5: 16/01/2025 | D5: 1 | E5: 1 | I5: תוספת | J5: מרקוביץ' | K5: מנפרד | S5: 578 | T5: 45658 | V5: 203 | W5: 410 | X5: 45775
A6: 22201347 | B6: 45658 | C6: 45658 | D6: 1 | E6: 1 | F6: מקור | G6: רגיל | I6: אישור | J6: שלמה | K6: יורם | O6: 1051 | P6: 1051 | Q6: 210 | R6: 0 | T6: 45658 | V6: 203 | W6: 203 | X6: 45697
A7: 22201347 | B7: 45676 | C7: 45680 | D7: 5 | E7: 1 | F7: מקור | G7: רגיל | I7: אישור | J7: שלמה | K7: יורם | O7: 5257 | P7: 5257 | Q7: 1051 | R7: 0 | T7: 45658 | V7: 203 | W7: 203 | X7: 45697
A8: 22201347 | B8: 01/01/2025 | C8: 01/01/2025 | D8: 1 | E8: 1 | I8: תוספת | J8: שלמה | K8: יורם | S8: 422 | T8: 45658 | V8: 203 | W8: 410 | X8: 45775
A9: 22201347 | B9: 19/01/2025 | C9: 23/01/2025 | D9: 5 | E9: 5 | I9: תוספת | J9: שלמה | K9: יורם | S9: 2115 | T9: 45658 | V9: 203 | W9: 410 | X9: 45775
A10: 25147505 | B10: 45686 | C10: 45687 | D10: 2 | E10: 1 | F10: מקור | G10: רגיל | I10: אישור | J10: בורך | K10: משה | O10: 2137 | P10: 1506 | Q10: 301 | R10: 0 | T10: 45658 | V10: 203 | W10: 204 | X10: 45700
A11: 25147505 | B11: 45666 | C11: 45666 | D11: 1 | E11: 1 | F11: מקור | G11: רגיל | I11: אישור | J11: בורך | K11: משה | O11: 763 | P11: 753 | Q11: 151 | R11: 0 | T11: 45658 | V11: 203 | W11: 209 | X11: 45708
A12: 25147505 | B12: 09/01/2025 | C12: 09/01/2025 | D12: 1 | E12: 1 | I12: תוספת | J12: בורך | K12: משה | S12: 307 | T12: 45658 | V12: 203 | W12: 410 | X12: 45775
A13: 25155235 | B13: 45667 | C13: 45668 | D13: 2 | E13: 1 | F13: מקור | G13: רגיל | I13: אישור | J13: פרדר | K13: נתן | L13: 6888 | M13: תאריך שרות שונה בהתא | O13: 2231 | P13: 4463 | Q13: 446 | R13: 0 | T13: 45658 | V13: 203 | W13: 203 | X13: 45697
A14: 25155235 | B14: 45662 | C14: 45662 | D14: 1 | E14: 1 | F14: מקור | G14: רגיל | I14: אישור | J14: פרדר | K14: נתן | L14: 6888 | M14: תאריך שרות שונה בהתא | O14: 1116 | P14: 4463 | Q14: 223 | R14: 0 | T14: 45658 | V14: 203 | W14: 203 | X14: 45697
A15: 25155235 | B15: 45663 | C15: 45664 | D15: 2 | E15: 1 | F15: מקור | G15: רגיל | I15: אישור | J15: פרדר | K15: נתן | L15: 6888 | M15: תאריך שרות שונה בהתא | O15: 2231 | P15: 4463 | Q15: 446 | R15: 0 | T15: 45658 | V15: 203 | W15: 203 | X15: 45697
A16: 25155235 | B16: 45665 | C16: 45666 | D16: 2 | E16: 1 | F16: מקור | G16: רגיל | I16: אישור | J16: פרדר | K16: נתן | L16: 6888 | M16: תאריך שרות שונה בהתא | O16: 2231 | P16: 4463 | Q16: 446 | R16: 0 | T16: 45658 | V16: 203 | W16: 203 | X16: 45697
A17: 25155235 | B17: 45673 | C17: 45674 | D17: 2 | E17: 1 | F17: מקור | G17: רגיל | I17: אישור | J17: פרדר | K17: נתן | L17: 6888 | M17: תאריך שרות שונה בהתא | O17: 2231 | P17: 1116 | Q17: 446 | R17: 0 | T17: 45658 | V17: 203 | W17: 203 | X17: 45697
A18: 25155235 | B18: 45671 | C18: 45672 | D18: 2 | E18: 1 | F18: מקור | G18: רגיל | I18: אישור | J18: פרדר | K18: נתן | O18: 2231 | P18: 2231 | Q18: 446 | R18: 0 | T18: 45658 | V18: 203 | W18: 203 | X18: 45697
A19: 25155235 | B19: 45677 | C19: 45677 | D19: 1 | E19: 1 | F19: מקור | G19: רגיל | I19: אישור | J19: פרדר | K19: נתן | O19: 1116 | P19: 1116 | Q19: 223 | R19: 0 | T19: 45658 | V19: 203 | W19: 203 | X19: 45697
A20: 25155235 | B20: 45681 | C20: 45681 | D20: 1 | E20: 1 | F20: מקור | G20: רגיל | I20: אישור | J20: פרדר | K20: נתן | L20: 6888 | M20: תאריך שרות שונה בהתא | O20: 1116 | P20: 3347 | Q20: 223 | R20: 0 | T20: 45658 | V20: 203 | W20: 203 | X20: 45697
A21: 25155235 | B21: 14/01/2025 | C21: 17/01/2025 | D21: 4 | E21: 4 | I21: תוספת | J21: פרדר | K21: נתן | S21: 1795 | T21: 45658 | V21: 203 | W21: 410 | X21: 45775
A22: 25155235 | B22: 20/01/2025 | C22: 20/01/2025 | D22: 1 | E22: 1 | I22: תוספת | J22: פרדר | K22: נתן | S22: 449 | T22: 45658 | V22: 203 | W22: 410 | X22: 45775
A23: 28027738 | B23: 45658 | C23: 45660 | D23: 3 | E23: 1 | F23: מקור | G23: רגיל | I23: אישור | J23: מלח | K23: אייל | O23: 2206 | P23: 2778 | Q23: 556 | R23: 0 | T23: 45658 | V23: 203 | W23: 203 | X23: 45697
A24: 203661004 | B24: 45676 | C24: 45679 | D24: 4 | E24: 1 | F24: מקור | G24: רגיל | I24: אישור | J24: אליה | K24: אריאל | O24: 3710 | P24: 2529 | Q24: 506 | R24: 0 | T24: 45658 | V24: 203 | W24: 204 | X24: 45700
A25: 308280510 | B25: 45679 | C25: 45687 | D25: 9 | E25: 1 | F25: מקור | G25: רגיל | I25: אישור | J25: לוי | K25: דור | O25: 6992 | P25: 5965 | Q25: 1193 | R25: 0 | T25: 45658 | V25: 203 | W25: 204 | X25: 45700
A26: 315919936 | B26: 45683 | C26: 45687 | D26: 5 | E26: 1 | F26: מקור | G26: רגיל | I26: אישור | J26: בנדרימר | K26: דניאל | O26: 3981 | P26: 2550 | Q26: 510 | R26: 0 | T26: 45658 | V26: 203 | W26: 204 | X26: 45700
A27: 11915519 | B27: 45712 | C27: 45716 | D27: 5 | E27: 1 | F27: מקור | G27: רגיל | I27: אישור | J27: מרקוביץ' | K27: מנפרד | O27: 7184 | P27: 6082 | Q27: 1217 | R27: 0 | T27: 45717 | W27: 408 | X27: 45770
A28: 11915519 | B28: 45735 | C28: 45736 | D28: 2 | E28: 1 | F28: מקור | G28: רגיל | I28: אישור | J28: מרקוביץ' | K28: מנפרד | O28: 2873 | P28: 2404 | Q28: 481 | R28: 0 | T28: 45717 | W28: 408 | X28: 45770
A29: 11915519 | B29: 45742 | C29: 45742 | D29: 1 | E29: 1 | F29: מקור | G29: רגיל | I29: אישור | J29: מרקוביץ' | K29: מנפרד | O29: 1437 | P29: 1202 | Q29: 240 | R29: 0 | T29: 45717 | W29: 408 | X29: 45770
A30: 22201347 | B30: 45698 | C30: 45698 | D30: 1 | E30: 1 | F30: מקור | G30: רגיל | I30: אישור | J30: שלמה | K30: יורם | O30: 1174 | P30: 1174 | Q30: 235 | R30: 0 | T30: 45717 | W30: 408 | X30: 45770
A31: 22201347 | B31: 45706 | C31: 45707 | D31: 2 | E31: 1 | F31: מקור | G31: רגיל | I31: אישור | J31: שלמה | K31: יורם | O31: 3287 | P31: 2348 | Q31: 470 | R31: 0 | T31: 45717 | W31: 408 | X31: 45770
A32: 22201347 | B32: 45714 | C32: 45714 | D32: 1 | E32: 1 | F32: מקור | G32: רגיל | I32: אישור | J32: שלמה | K32: יורם | O32: 1174 | P32: 1174 | Q32: 235 | R32: 0 | T32: 45717 | W32: 408 | X32: 45770
A33: 22201347 | B33: 45720 | C33: 45720 | D33: 1 | E33: 1 | F33: מקור | G33: רגיל | I33: אישור | J33: שלמה | K33: יורם | O33: 1233 | P33: 1233 | Q33: 247 | R33: 0 | T33: 45717 | W33: 408 | X33: 45770
A34: 22201347 | B34: 45734 | C34: 45735 | D34: 2 | E34: 1 | F34: מקור | G34: רגיל | I34: אישור | J34: שלמה | K34: יורם | L34: 6888 | M34: תאריך שרות שונה בהתא | O34: 2466 | P34: 2466 | Q34: 493 | R34: 0 | T34: 45717 | W34: 408 | X34: 45770
A35: 22201347 | B35: 45733 | C35: 45733 | D35: 1 | E35: 1 | F35: מקור | G35: רגיל | I35: אישור | J35: שלמה | K35: יורם | L35: 6888 | M35: תאריך שרות שונה בהתא | O35: 1233 | P35: 2466 | Q35: 247 | R35: 0 | T35: 45717 | W35: 408 | X35: 45770
A36: 22201347 | B36: 45746 | C36: 45747 | D36: 2 | E36: 1 | F36: מקור | G36: רגיל | I36: אישור | J36: שלמה | K36: יורם | O36: 2466 | P36: 2466 | Q36: 493 | R36: 0 | T36: 45717 | W36: 408 | X36: 45770
A37: 25147505 | B37: 45711 | C37: 45711 | D37: 1 | E37: 1 | F37: מקור | G37: רגיל | I37: אישור | J37: בורך | K37: משה | O37: 1107 | P37: 791 | Q37: 158 | R37: 0 | T37: 45717 | W37: 408 | X37: 45770
