Workbook

Sheet רשימות
A1: חודשי תשלום
A2: 01/2025
A3: 02/2025
A4: 03/2025
A5: 04/2025
A6: 05/2025
A7: 06/2025
A8: 07/2025
A9: 08/2025
A10: 09/2025
A11: 10/2025
A12: 11/2025
... A37: 12/2027

Sheet 📖 הוראות שימוש
A1: 🎯 מערכת ניהול תשלומי מילואים - ליטאי ניהול שירותים
A2: ═══════════════════════════════════════════════════════
A4: 📋 מבנה המערכת:
A5: ─────────────────
A6: ✅ גליון 1: רשימת עובדים - פרטי העובדים ותעריפים
A7: ✅ גליון 2: תקופות מילואים - כל תקופת מילואים בנפרד
A8: ✅ גליון 3: תשלומי ביטוח לאומי - תשלומים שהתקבלו
A9: ✅ גליון 4: דוח מסכם - סיכום אוטומטי לפי עובד וחודש
A11: ─────────────────────────────────────────────────────
A13: 🔄 תהליך עבודה:
A15: שלב 1️⃣ - מלא נתוני עובדים
A16: • גליון "רשימת עובדים"
... A89: • 'התקבל מב"ל' = סה"כ תשלומים שמתאימים לטווח התאריכים

Sheet 1️⃣ רשימת עובדים
A1: ת.ז. | B1: שם פרטי | C1: שם משפחה | D1: שם מלא | E1: מחלקה | F1: משכורת חודשית | G1: תעריף יומי | H1: בנק | I1: מספר חשבון | J1: סטטוס
B2: אוראל | C2: שווקי | D2: אוראל שווקי | E2: רפאל | G2: =F2/22 -> 0 | J2: פעיל
A3: 211877550 | B3: אוראל | C3: שווקי | D3: אוראל שווקי | E3: רפאל | F3: 18717 | G3: 863.72866 | J3: פעיל
A4: 37643772 | B4: אורי | C4: אשתר | D4: אורי אשתר | E4: מל"מ | F4: 24026 | G4: 1108.7217 | J4: פעיל
A5: 28027738 | B5: אייל | C5: מלח | D5: אייל מלח | E5: רפאל | F5: 20500 | G5: 946.00831 | J5: מ01.09.25
A6: 203661004 | B6: אריאל | C6: אליה | D6: אריאל אליה | E6: מל"מ | F6: 18828 | G6: 868.85095 | J6: פעיל
A7: 315919936 | B7: דניאל | C7: בנדרימר | D7: דניאל בנדרימר | E7: מל"מ | F7: 14532 | G7: 670.60452 | J7: פעיל
A8: 69304962 | B8: חיים | C8: ראש | D8: חיים ראש | E8: מל"מ | F8: 20586.6 | G8: 950.00461 | J8: פעיל
A9: 25474677 | B9: יום | C9: טוב מוסארי | D9: יום טוב מוסארי | E9: רוה"מ | F9: 27791 | G9: 1282.4642 | J9: מ01.06.25
A10: 22201347 | B10: יורם | C10: שלמה | D10: יורם שלמה | E10: רוה"מ | F10: 23754 | G10: 1096.1698 | J10: פעיל
A11: 322131285 | B11: יענקל | C11: מונטבולינסקי | D11: יענקל מונטבולינסקי | E11: רפאל | F11: 18077 | G11: 834.19474 | J11: פעיל
A12: 209501998 | B12: לאון | C12: שמייב | D12: לאון שמייב | E12: רוה"מ | F12: 15825 | G12: 730.27227 | J12: 01.07.2025
A13: 308280510 | B13: לוי | C13: דור | D13: לוי דור | E13: רפאל | F13: 17921 | G13: 826.99585 | J13: פעיל
A14: 11915519 | B14: מנפרד | C14: מרקוביץ' | D14: מנפרד מרקוביץ' | E14: רפאל | F14: 18822 | G14: 868.57407 | J14: פעיל
... A19: 32345035 | B19: רפאל | C19: שועה | D19: רפאל שועה | E19: מל"מ | F19: 17670 | G19: 815.41301 | J19: פעיל

Sheet 3️⃣ תשלומי ב"ל
A1: ת.ז. | B1: שם עובד | C1: תאריך התחלה | D1: תאריך סיום | E1: סוג תשלום | F1: תגמול ₪ | G1: פיצוי 20% ₪ | H1: תוספת 40% ₪ | I1: סה"כ לעובד ₪ | J1: מספר מנה | K1: תאריך תשלום | L1: קובץ מקור
A2: 11915519 | B2: מנפרד מרקוביץ' | C2: 07/01/2025 | D2: 07/01/2025 | E2: רגיל | F2: 821 | G2: 164 | H2: 0 | I2: 985 | J2: 203 | K2: 09/02/2025 | L2: PDF_מנה_0203
A3: 11915519 | B3: מנפרד מרקוביץ' | C3: 16/01/2025 | D3: 16/01/2025 | E3: רגיל | F3: 821 | G3: 164 | H3: 0 | I3: 985 | J3: 203 | K3: 09/02/2025 | L3: PDF_מנה_0203
A4: 22201347 | B4: יורם שלמה | C4: 01/01/2025 | D4: 01/01/2025 | E4: רגיל | F4: 1051 | G4: 210 | H4: 0 | I4: 1261 | J4: 203 | K4: 09/02/2025 | L4: PDF_מנה_0203
A5: 22201347 | B5: יורם שלמה | C5: 19/01/2025 | D5: 23/01/2025 | E5: רגיל | F5: 5257 | G5: 1051 | H5: 0 | I5: 6308 | J5: 203 | K5: 09/02/2025 | L5: PDF_מנה_0203
A6: 25147505 | B6: משה בורך | C6: 27/11/2024 | D6: 27/11/2024 | E6: רגיל | F6: 751 | G6: 0 | H6: 0 | I6: 751 | J6: 203 | K6: 09/02/2025 | L6: PDF_מנה_0203
A7: 25155235 | B7: נתן פרדר | C7: 05/01/2025 | D7: 05/01/2025 | E7: רגיל | F7: 1116 | G7: 223 | H7: 0 | I7: 1339 | J7: 203 | K7: 09/02/2025 | L7: PDF_מנה_0203
A8: 25155235 | B8: נתן פרדר | C8: 06/01/2025 | D8: 07/01/2025 | E8: רגיל | F8: 2231 | G8: 446 | H8: 0 | I8: 2677 | J8: 203 | K8: 09/02/2025 | L8: PDF_מנה_0203
A9: 25155235 | B9: נתן פרדר | C9: 08/01/2025 | D9: 09/01/2025 | E9: רגיל | F9: 2231 | G9: 446 | H9: 0 | I9: 2677 | J9: 203 | K9: 09/02/2025 | L9: PDF_מנה_0203
A10: 25155235 | B10: נתן פרדר | C10: 10/01/2025 | D10: 11/01/2025 | E10: רגיל | F10: 2231 | G10: 446 | H10: 0 | I10: 2677 | J10: 203 | K10: 09/02/2025 | L10: PDF_מנה_0203
A11: 25155235 | B11: נתן פרדר | C11: 14/01/2025 | D11: 15/01/2025 | E11: רגיל | F11: 2231 | G11: 446 | H11: 0 | I11: 2677 | J11: 203 | K11: 09/02/2025 | L11: PDF_מנה_0203
A12: 25155235 | B12: נתן פרדר | C12: 16/01/2025 | D12: 17/01/2025 | E12: רגיל | F12: 1116 | G12: 446 | H12: 0 | I12: 1562 | J12: 203 | K12: 09/02/2025 | L12: PDF_מנה_0203
A13: 25155235 | B13: נתן פרדר | C13: 20/01/2025 | D13: 20/01/2025 | E13: רגיל | F13: 1116 | G13: 223 | H13: 0 | I13: 1339 | J13: 203 | K13: 09/02/2025 | L13: PDF_מנה_0203
... A81: 22201347 | B81: יורם שלמה | C81: 15/12/2024 | D81: 19/12/2024 | E81: תוספת 40% | F81: 0 | G81: 0 | H81: 3269 | I81: 3295 | J81: 510 | K81: 23/05/2025 | L81: 92437586800_NK-0510-250519-509_-1363229539_10591_0_01.xlsx

Sheet 4️⃣ דוח מסכם
A1: שם עובד | B1: מחלקה | C1: חודש | D1: תאריך התחלה מוקדם ביותר | E1: תאריך סיום מאוחר ביותר | F1: מספר תקופות | G1: סה"כ ימים | H1: ימי א-ה | I1: ימי סופ"ש | J1: צפוי מב"ל | K1: התקבל מב"ל | L1: הפרש | M1: סטטוס | N1: מזהי תקופות | O1: מזהי תקופות
A2: אוראל שווקי | C2: 03/2025 | D2: 19/03/2025 | E2: 19/03/2025 | F2: 1 | G2: 1 | H2: 1 | I2: 0 | J2: 876 | K2: 873 | L2: =K2-J2 -> -3 | O2: P0001
A3: אורי אשתר | C3: 09/2025 | D3: 01/09/2025 | E3: 17/09/2025 | F3: 1 | G3: 17 | H3: 13 | I3: 4 | K3: 15431 | O3: P0002
A4: אורי אשתר | C4: 45931 | D4: 45943 | E4: 45943 | G4: 1 | K4: 1042
A5: אייל מלח | C5: 01/2025 | D5: 01/01/2025 | E5: 03/01/2025 | F5: 1 | G5: 3 | H5: 3 | I5: 0 | J5: 2403.18 | K5: 2206 | L5: =K5-J5 -> -197.18 | M5: מרכז | O5: P0003
A6: אייל מלח | C6: 05/2025 | D6: 19/05/2025 | E6: 21/05/2025 | F6: 1 | G6: 3 | H6: 3 | I6: 0 | J6: =801.06*H6 -> 2403.18 | K6: 2408 | L6: =K6-J6 -> 4.82 | M6: מרכז | O6: P0004
A7: אייל מלח | C7: 06/2025 | D7: 12/06/2025 | E7: 26/06/2025 | F7: 1 | G7: 15 | H7: 11 | I7: 4 | J7: =801.06*H7 -> 8811.66 | K7: 12039 | L7: =K7-J7 -> 3227.34 | M7: מרכז | O7: P0005
A8: אייל מלח | C8: 07/2025 | D8: 29/07/2025 | E8: 31/07/2025 | F8: 1 | G8: 3 | H8: 3 | I8: 0 | J8: =801.06*H8 -> 2403.18 | K8: 2409 | L8: =K8-J8 -> 5.82 | M8: מרכז | O8: P0006
A9: אייל מלח | C9: 09/2025 | D9: 11/09/2025 | E9: 14/09/2025 | F9: 1 | G9: 4 | H9: 2 | I9: 2 | J9: =801.06*H9 -> 1602.12 | K9: 1284 | L9: =K9-J9 -> -318.12 | M9: מרכז | O9: P0007
A10: אריאל אליה | C10: 01/2025 | D10: 19/01/2025 | E10: 22/01/2025 | F10: 1 | G10: 4 | H10: 3 | I10: 1 | K10: 0 | O10: P0008
A11: אריאל אליה | C11: 03/2025 | D11: 02/03/2025 | E11: 05/03/2025 | F11: 1 | G11: 4 | H11: 3 | I11: 1 | K11: 3739 | O11: P0009
A12: אריאל אליה | C12: 04/2025 | D12: 23/04/2025 | E12: 27/04/2025 | F12: 2 | G12: 2 | H12: 1 | I12: 1 | K12: =967+967 -> 1934 | O12: P0010, P0011
A13: אריאל אליה | C13: 05/2025 | D13: 04/05/2025 | E13: 24/05/2025 | F13: 1 | G13: 21 | H13: 15 | I13: 6 | K13: 14425 | O13: P0012
A14: אריאל אליה | C14: 08/2025 | D14: 17/08/2025 | E14: 21/08/2025 | F14: 1 | G14: 5 | H14: 4 | I14: 1 | K14: 4673 | O14: P0013
A15: דניאל בנדרימר | C15: 01/2025 | D15: 26/01/2025 | E15: 30/01/2025 | F15: 1 | G15: 5 | H15: 4 | I15: 1 | K15: 0 | O15: P0014
A16: דניאל בנדרימר | C16: 04/2025 | D16: 22/04/2025 | E16: 29/05/2025 | F16: 1 | G16: 38 | H16: 28 | I16: 10 | K16: =5078+16362 -> 21440 | O16: P0015
A17: דניאל בנדרימר | C17: 06/2025 | D17: 03/06/2025 | E17: 30/06/2025 | F17: 1 | G17: 28 | H17: 20 | I17: 8 | K17: 15114 | O17: P0016
A18: דניאל בנדרימר | C18: 07/2025 | D18: 07/07/2025 | E18: 28/07/2025 | F18: 2 | G18: 3 | H18: 2 | I18: 1 | K18: =540+1080 -> 1620 | O18: P0017, P0018
A19: דניאל בנדרימר | C19: 08/2025 | D19: 06/08/2025 | E19: 07/08/2025 | F19: 1 | G19: 2 | H19: 2 | I19: 0 | K19: 0 | O19: P0019
A20: דניאל בנדרימר | C20: 09/2025 | D20: 09/09/2025 | E20: 30/09/2025 | F20: 2 | G20: 4 | H20: 4 | I20: 0 | K20: 0 | O20: P0020, P0021
A21: חיים ראש | C21: 06/2025 | D21: 05/06/2025 | E21: 05/06/2025 | F21: 1 | G21: 1 | H21: 1 | I21: 0 | K21: 1497 | O21: P0022
A22: יום טוב מוסארי | C22: 02/2025 | D22: 20/02/2025 | E22: 23/02/2025 | F22: 2 | G22: 2 | H22: 1 | I22: 1 | K22: 0 | O22: P0023, P0024
A23: יום טוב מוסארי | C23: 06/2025 | D23: 12/06/2025 | E23: 29/06/2025 | F23: 1 | G23: 18 | H23: 12 | I23: 6 | K23: =5458+1624 -> 7082 | O23: P0025
A24: יורם שלמה | C24: 01/2025 | D24: 01/01/2025 | E24: 23/01/2025 | F24: 2 | G24: 6 | H24: 5 | I24: 1 | K24: 5819 | O24: P0026, P0027
A25: יורם שלמה | C25: 02/2025 | D25: 10/02/2025 | E25: 26/02/2025 | F25: 3 | G25: 4 | H25: 4 | I25: 0 | K25: 4635 | O25: P0028, P0029, P0030
A26: יורם שלמה | C26: 03/2025 | D26: 04/03/2025 | E26: 03/04/2025 | F26: 3 | G26: 9 | H26: 8 | I26: 1 | K26: 6038 | O26: P0031, P0032, P0033
A27: יורם שלמה | C27: 04/2025 | D27: 09/04/2025 | E27: 10/04/2025 | F27: 1 | G27: 2 | H27: 2 | I27: 0 | K27: 6268 | O27: P0034
A28: יורם שלמה | C28: 05/2025 | D28: 05/05/2025 | E28: 28/05/2025 | F28: 3 | G28: 6 | H28: 6 | I28: 0 | K28: 7821 | O28: P0035, P0036, P0037
A29: יורם שלמה | C29: 06/2025 | D29: 05/06/2025 | E29: 12/06/2025 | F29: 2 | G29: 3 | H29: 3 | I29: 0 | K29: 6268 | O29: P0038, P0039
A30: יורם שלמה | C30: 07/2025 | D30: 28/07/2025 | E30: 31/07/2025 | F30: 1 | G30: 4 | H30: 4 | I30: 0 | K30: 6268 | O30: P0040
A31: יורם שלמה | C31: 09/2025 | D31: 17/09/2025 | E31: 17/09/2025 | F31: 1 | G31: 2 | H31: 2 | I31: 0 | K31: 3038 | L31: 1898 זה היה בטבלה של ביטוח לאומי | O31: P0041
A32: יורם שלמה | C32: 45931 | D32: 21/20/2025 | E32: 45952 | G32: 2 | K32: 899
A33: יענקל מונטבולינסקי | C33: 07/2025 | D33: 21/07/2025 | E33: 30/07/2025 | F33: 3 | G33: 6 | H33: 6 | I33: 0 | K33: =450+899+1348 -> 2697 | O33: P0042, P0043, P0044
A34: יענקל מונטבולינסקי | C34: 08/2025 | D34: 04/08/2025 | E34: 12/08/2025 | F34: 3 | G34: 3 | H34: 3 | I34: 0 | K34: 0 | O34: P0045, P0046, P0047
A35: יענקל מונטבולינסקי | C35: 09/2025 | D35: 15/09/2025 | E35: 21/09/2025 | F35: 2 | G35: 3 | H35: 2 | I35: 1 | K35: 0 | O35: P0048, P0049
A36: לאון שמייב | C36: 03/2025 | D36: 24/03/2025 | E36: 24/03/2025 | F36: 1 | G36: 1 | H36: 1 | I36: 0 | K36: 853 | O36: P0050
A37: לאון שמייב | C37: 05/2025 | D37: 25/05/2025 | E37: 27/05/2025 | F37: 1 | G37: 3 | H37: 2 | I37: 1 | K37: 2605 | O37: P0051
A38: לאון שמייב | C38: 06/2025 | D38: 16/06/2025 | E38: 23/06/2025 | F38: 1 | G38: 8 | H38: 6 | I38: 2 | K38: 4961 | O38: P0052
A39: לאון שמייב | C39: 07/2025 | D39: 27/07/2025 | E39: 29/07/2025 | F39: 1 | G39: 3 | H39: 2 | I39: 1 | K39: 2546 | O39: P0053
A40: לאון שמייב | C40: 08/2025 | D40: 17/08/2025 | E40: 20/08/2025 | F40: 1 | G40: 4 | H40: 3 | I40: 1 | K40: 3350 | O40: P0054
A41: לאון שמייב | C41: 45931 | D41: 45956 | E41: 45959 | G41: 4 | K41: 3473
A42: לוי דור | C42: 01/2025 | D42: 22/01/2025 | E42: 30/01/2025 | F42: 1 | G42: 9 | H42: 7 | I42: 2 | K42: 0 | O42: P0055
A43: לוי דור | C43: 04/2025 | D43: 22/04/2025 | E43: 24/04/2025 | F43: 1 | G43: 3 | H43: 3 | I43: 0 | K43: 2297 | O43: P0056
A44: לוי דור | C44: 05/2025 | D44: 20/05/2025 | E44: 30/05/2025 | F44: 2 | G44: 8 | H44: 8 | I44: 0 | K44: =2546+4243 -> 6789 | O44: P0057, P0058
A45: לוי דור | C45: 06/2025 | D45: 18/06/2025 | E45: 22/06/2025 | F45: 1 | G45: 5 | H45: 3 | I45: 2 | K45: 4243 | O45: P0059
A46: לוי דור | C46: 07/2025 | D46: 22/07/2025 | E46: 22/07/2025 | F46: 1 | G46: 1 | H46: 1 | I46: 0 | K46: 424 | O46: P0060
A47: לוי דור | C47: 08/2025 | D47: 05/08/2025 | E47: 21/08/2025 | F47: 2 | G47: 6 | H47: 6 | I47: 0 | K47: 0 | O47: P0061, P0062
A48: מנפרד מרקוביץ' | C48: 01/2025 | D48: 07/01/2025 | E48: 16/01/2025 | F48: 2 | G48: 2 | H48: 2 | I48: 0 | K48: 0 | O48: P0063, P0064
A49: מנפרד מרקוביץ' | C49: 02/2025 | D49: 24/02/2025 | E49: 28/02/2025 | F49: 1 | G49: 5 | H49: 5 | I49: 0 | K49: 0 | O49: P0065
A50: מנפרד מרקוביץ' | C50: 03/2025 | D50: 19/03/2025 | E50: 26/03/2025 | F50: 2 | G50: 3 | H50: 3 | I50: 0 | K50: 0 | O50: P0066, P0067
A51: מנפרד מרקוביץ' | C51: 04/2025 | D51: 02/04/2025 | E51: 08/04/2025 | F51: 2 | G51: 2 | H51: 2 | I51: 0 | K51: 1069 | O51: P0068, P0069
A52: מנפרד מרקוביץ' | C52: 05/2025 | D52: 04/05/2025 | E52: 30/09/2025 | F52: 4 | G52: 133 | H52: 94 | I52: 39 | K52: 3555 | O52: P0070, P0071, P0072, P0073
A53: מנפרד מרקוביץ' | C53: 45931 | D53: 45931 | E53: 45961 | G53: 31 | K53: 27607 | O53: P0070, P0071, P0072, P0073
A54: משה בורך | C54: 01/2025 | D54: 09/01/2025 | E54: 30/01/2025 | F54: 2 | G54: 3 | H54: 3 | I54: 0 | K54: 0 | O54: P0074, P0075
A55: משה בורך | C55: 02/2025 | D55: 23/02/2025 | E55: 26/02/2025 | F55: 2 | G55: 2 | H55: 1 | I55: 1 | K55: 0 | O55: P0076, P0077
A56: משה בורך | C56: 03/2025 | D56: 05/03/2025 | E56: 27/03/2025 | F56: 3 | G56: 4 | H56: 4 | I56: 0 | K56: 0 | O56: P0078, P0079, P0080
A57: משה בורך | C57: 04/2025 | D57: 21/04/2025 | E57: 27/04/2025 | F57: 2 | G57: 2 | H57: 1 | I57: 1 | K57: 0 | O57: P0081, P0082
A58: משה בורך | C58: 05/2025 | D58: 04/05/2025 | E58: 27/05/2025 | F58: 4 | G58: 12 | H58: 10 | I58: 2 | K58: 0 | O58: P0083, P0084, P0085, P0086
A59: משה בורך | C59: 07/2025 | D59: 15/07/2025 | E59: 15/07/2025 | F59: 1 | G59: 1 | H59: 1 | I59: 0 | K59: 0 | O59: P0087
A60: משה בורך | C60: 08/2025 | D60: 04/08/2025 | E60: 19/08/2025 | F60: 3 | G60: 5 | H60: 4 | I60: 1 | K60: =511+511+1532 -> 2554 | O60: P0088, P0089, P0090
A61: משה בורך | C61: 09/2025 | D61: 09/09/2025 | E61: 14/09/2025 | F61: 2 | G61: 4 | H61: 3 | I61: 1 | K61: =511+1532 -> 2043 | O61: P0091, P0092
A62: משה פינץ | C62: 03/2025 | D62: 18/03/2025 | E62: 20/03/2025 | F62: 1 | G62: 3 | H62: 3 | I62: 0 | J62: =(17000+1657+1168)/21.67*H62 -> 2744.5778 | K62: 3731 | L62: =K62-J62 -> 986.42224 | M62: 45962 | O62: P0093
A63: משה פינץ | C63: 06/2025 | D63: 19/06/2025 | E63: 24/06/2025 | F63: 1 | G63: 6 | H63: 4 | I63: 2 | J63: =(17000+1657+1168)/21.67*H63 -> 3659.437 | K63: 5700 | L63: =K63-J63 -> 2040.563 | M63: 45962 | O63: P0094
A64: נתן פרדר | C64: 01/2025 | D64: 01/01/2025 | E64: 26/01/2025 | F64: 5 | G64: 16 | H64: 12 | I64: 4 | K64: 0 | O64: P0095, P0096, P0097, P0098, P0099
A65: נתן פרדר | C65: 02/2025 | D65: 10/02/2025 | E65: 25/02/2025 | F65: 4 | G65: 7 | H65: 7 | I65: 0 | K65: 0 | O65: P0100, P0101, P0102, P0103
A66: נתן פרדר | C66: 03/2025 | D66: 10/03/2025 | E66: 03/04/2025 | F66: 5 | G66: 16 | H66: 15 | I66: 1 | K66: 0 | O66: P0104, P0105, P0106, P0107, P0108
A67: נתן פרדר | C67: 04/2025 | D67: 06/04/2025 | E67: 29/04/2025 | F67: 4 | G67: 6 | H67: 5 | I67: 1 | K67: 0 | O67: P0109, P0110, P0111, P0112
A68: נתן פרדר | C68: 05/2025 | D68: 05/05/2025 | E68: 25/05/2025 | F68: 5 | G68: 6 | H68: 4 | I68: 2 | K68: 0 | O68: P0113, P0114, P0115, P0116, P0117
A69: נתן פרדר | C69: 06/2025 | D69: 03/06/2025 | E69: 29/06/2025 | F69: 3 | G69: 22 | H69: 15 | I69: 7 | K69: 2677 | O69: P0118, P0119, P0120
A70: נתן פרדר | C70: 07/2025 | D70: 15/07/2025 | E70: 28/07/2025 | F70: 3 | G70: 5 | H70: 5 | I70: 0 | K70: 0 | O70: P0121, P0122, P0123
A71: נתן פרדר | C71: 08/2025 | D71: 05/08/2025 | E71: 18/08/2025 | F71: 2 | G71: 2 | H71: 2 | I71: 0 | K71: 2677 | O71: P0124, P0125
A72: נתן פרדר | C72: 09/2025 | D72: 03/09/2025 | E72: 14/09/2025 | F72: 2 | G72: 4 | H72: 2 | I72: 2 | K72: 0 | O72: P0126, P0127
A73: צחי חנגל | C73: 03/2025 | D73: 17/03/2025 | E73: 20/03/2025 | F73: 1 | G73: 4 | H73: 4 | I73: 0 | K73: 3976 | O73: P0128
A74: צחי חנגל | C74: 05/2025 | D74: 21/05/2025 | E74: 29/05/2025 | F74: 2 | G74: 7 | H74: 6 | I74: 1 | K74: 2122 | L74: קיבלנו על יומיים ולא 7 | O74: P0129, P0130
A75: צחי חנגל | C75: 06/2025 | D75: 10/06/2025 | E75: 15/06/2025 | F75: 2 | G75: 4 | H75: 3 | I75: 1 | K75: =3183+758 -> 3941 | O75: P0131, P0132
A76: צחי חנגל | C76: 08/2025 | D76: 06/08/2025 | E76: 12/08/2025 | F76: 2 | G76: 4 | H76: 4 | I76: 0 | K76: 0 | O76: P0133, P0134
A77: צחי חנגל | C77: 09/2025 | D77: 07/09/2025 | E77: 09/09/2025 | F77: 1 | G77: 3 | H77: 2 | I77: 1 | K77: 0 | O77: P0135
A78: רפאל שועה | C78: 05/2025 | D78: 27/05/2025 | E78: 28/05/2025 | F78: 1 | G78: 2 | H78: 2 | I78: 0 | K78: 1409 | O78: P0136
A79: רפאל שועה | C79: 06/2025 | D79: 03/06/2025 | E79: 28/06/2025 | F79: 3 | G79: 21 | H79: 16 | I79: 5 | K79: =1498+1498+11275+749 -> 15020 | O79: P0137, P0138, P0139
A80: אבישי שרון מהדקאר | C80: 45931 | D80: 45956 | E80: 45959 | G80: 4 | K80: 2250

Sheet 💵 רשימת תשלומים
A1: מנה | B1: תאריך תשלום | C1: תגמול ₪ | D1: פיצוי 20% ₪ | E1: תוספת 40% ₪ | F1: סה"כ כולל ₪ | G1: ביקורת נתונים מול תקופות מילואים
A2: 203 | B2: 09/02/2025 | C2: 48622 | D2: 8587 | E2: 0 | F2: 57209
A3: 204 | B3: 09/02/2025 | C3: 581 | D3: 0 | E3: 0 | F3: 581
A4: 408 | B4: 23/04/2025 | C4: 25634 | D4: 4516 | E4: 0 | F4: 30150
A5: 410 | B5: 28/04/2025 | C5: 0 | D5: 0 | E5: 6209 | F5: =SUM(C5:E5) -> 6209 | G5: תקין
B6: 45777 | C6: 103440 | D6: =15441+257 -> 15698 | F6: =SUM(C6:E6) -> 119138
A7: 510 | B7: 23/05/2025 | C7: 0 | D7: 0 | E7: 19639 | F7: =SUM(C7:E7) -> 19639
A8: 610 | B8: 26/06/2025 | C8: 0 | D8: 0 | E8: 4389 | F8: =SUM(C8:E8) -> 4389 | G8: תקין
A9: 802 | B9: 08/08/2025 | C9: 112299 | D9: 21358 | E9: 0 | F9: =SUM(C9:E9) -> 133657 | G9: תקין
A11: סה"כ: | C11: =SUM(C2:C10) -> 290576 | D11: =SUM(D2:D10) -> 50159 | E11: =SUM(E2:E10) -> 30237 | F11: =SUM(F2:F10) -> 370972

Sheet 2️⃣ תקופות מילואים
A1: מזהה תקופה | B1: שם עובד | C1: מחלקה | D1: תאריך התחלה | E1: תאריך סיום | F1: חודש | G1: סה"כ ימים | H1: ימי א-ה | I1: ימי שישי | J1: ימי שבת | K1: ימי חג | L1: תעריף יומי | M1: תשלום מעסיק (א-ה) | N1: פיצוי 20% למעסיק | O1: תוספת 40% | P1: סה"כ תגמול מביטוח לאומי ₪ | Q1: מועד תשלום ביטוח לאומי | R1: סכום הפרשים לעובד ₪ | S1: חודש ביצוע תשלום | T1: 💰 הערות
A2: P0001 | B2: אוראל שווקי | C2: רפאל | D2: 45735 | E2: 45735 | F2: 03/2025 | G2: 1 | H2: 1 | I2: 0 | J2: 0 | K2: 0 | L2: 863.72866 | M2: =L2*H2 -> 863.72866 | N2: 172.74573
A3: P0002 | B3: אורי אשתר | C3: מל"מ | D3: 45901 | E3: 45917 | F3: 09/2025 | G3: 17 | H3: 13 | I3: 2 | J3: 2 | K3: 0 | L3: 1108.7217 | M3: =L3*H3 -> 14413.383 | N3: 2882.6765
A4: P0003 | B4: אייל מלח | C4: רפאל | D4: 45658 | E4: 45660 | F4: 01/2025 | G4: 3 | H4: 3 | I4: 0 | J4: 0 | K4: 0 | L4: 806.01 | M4: =L4*H4 -> 2418.03 | N4: 556 | P4: 2206 | Q4: 45697
A5: P0004 | B5: אייל מלח | C5: רפאל | D5: 45796 | E5: 45798 | F5: 05/2025 | G5: 3 | H5: 3 | I5: 0 | J5: 0 | K5: 0 | L5: 806.01 | M5: =L5*H5 -> 2418.03
A6: P0005 | B6: אייל מלח | C6: רפאל | D6: 45820 | E6: 45834 | F6: 06/2025 | G6: 15 | H6: 11 | I6: 2 | J6: 2 | K6: 0 | L6: 806.01 | M6: =L6*H6 -> 8866.11
A7: P0006 | B7: אייל מלח | C7: רפאל | D7: 45867 | E7: 45869 | F7: 07/2025 | G7: 3 | H7: 3 | I7: 0 | J7: 0 | K7: 0 | L7: 806.01 | M7: =L7*H7 -> 2418.03
A8: P0007 | B8: אייל מלח | C8: רפאל | D8: 45911 | E8: 45914 | F8: 09/2025 | G8: 4 | H8: 2 | I8: 1 | J8: 1 | K8: 0 | L8: ='📈 היסטוריית שכר'!C6 -> 1108.7217 | M8: =L8*H8 -> 2217.4435
A9: P0008 | B9: אריאל אליה | C9: מל"מ | D9: 45676 | E9: 45679 | F9: 01/2025 | G9: 4 | H9: 3 | I9: 0 | J9: 1 | K9: 0 | L9: 868.85095 | M9: =L9*H9 -> 2606.5528 | N9: 506 | P9: 3710 | Q9: 45700
A10: P0009 | B10: אריאל אליה | C10: מל"מ | D10: 45718 | E10: 45721 | F10: 03/2025 | G10: 4 | H10: 3 | I10: 0 | J10: 1 | K10: 0 | L10: 868.85095 | M10: =L10*H10 -> 2606.5528 | N10: 518 | P10: 3739 | Q10: 45988
A11: P0010 | B11: אריאל אליה | C11: מל"מ | D11: 45770 | E11: 45770 | F11: 04/2025 | G11: 1 | H11: 1 | I11: 0 | J11: 0 | K11: 0 | L11: 868.85095 | M11: =L11*H11 -> 868.85095 | N11: 138 | P11: 967 | Q11: 45988 | R11: =O11 -> 0 | S11: 45809
A12: P0011 | B12: אריאל אליה | C12: מל"מ | D12: 45774 | E12: 45774 | F12: 04/2025 | G12: 1 | H12: 0 | I12: 0 | J12: 1 | K12: 0 | L12: 868.85095 | M12: =L12*H12 -> 0 | N12: 138 | P12: 967 | Q12: 45988
A13: P0012 | B13: אריאל אליה | C13: מל"מ | D13: 45781 | E13: 45801 | F13: 05/2025 | G13: 21 | H13: 15 | I13: 3 | J13: 3 | K13: 0 | L13: 868.85095 | M13: =L13*H13 -> 13032.764 | N13: 2885 | P13: 14425 | Q13: 45988 | R13: =O13 -> 0 | S13: 45809
A14: P0013 | B14: אריאל אליה | C14: מל"מ | D14: 45886 | E14: 45890 | F14: 08/2025 | G14: 5 | H14: 4 | I14: 0 | J14: 1 | K14: 0 | L14: 868.85095 | M14: =L14*H14 -> 3475.4038 | N14: 657 | P14: 4673 | Q14: 45988
A15: P0014 | B15: דניאל בנדרימר | C15: מל"מ | D15: 45683 | E15: 45687 | F15: 01/2025 | G15: 5 | H15: 4 | I15: 0 | J15: 1 | K15: 0 | L15: 670.60452 | M15: =L15*H15 -> 2682.4181 | N15: 510 | P15: 3981 | Q15: 45700
A16: P0015 | B16: דניאל בנדרימר | C16: מל"מ | D16: 45769 | E16: 45806 | F16: 04/2025 | G16: 38 | H16: 28 | I16: 5 | J16: 5 | K16: 0 | L16: 670.60452 | M16: =L16*H16 -> 18776.927 | N16: 3755.3853
A17: P0016 | B17: דניאל בנדרימר | C17: מל"מ | D17: 45811 | E17: 45838 | F17: 06/2025 | G17: 28 | H17: 20 | I17: 4 | J17: 4 | K17: 0 | L17: 670.60452 | M17: =L17*H17 -> 13412.09 | N17: 2682.4181
A18: P0017 | B18: דניאל בנדרימר | C18: מל"מ | D18: 45845 | E18: 45845 | F18: 07/2025 | G18: 1 | H18: 1 | I18: 0 | J18: 0 | K18: 0 | L18: 670.60452 | M18: =L18*H18 -> 670.60452 | N18: 134.1209
A19: P0018 | B19: דניאל בנדרימר | C19: מל"מ | D19: 45865 | E19: 45866 | F19: 07/2025 | G19: 2 | H19: 1 | I19: 0 | J19: 1 | K19: 0 | L19: 670.60452 | M19: =L19*H19 -> 670.60452 | N19: 134.1209
A20: P0019 | B20: דניאל בנדרימר | C20: מל"מ | D20: 45875 | E20: 45876 | F20: 08/2025 | G20: 2 | H20: 2 | I20: 0 | J20: 0 | K20: 0 | L20: 670.60452 | M20: =L20*H20 -> 1341.209 | N20: 268.24181
A21: P0020 | B21: דניאל בנדרימר | C21: מל"מ | D21: 45909 | E21: 45911 | F21: 09/2025 | G21: 3 | H21: 3 | I21: 0 | J21: 0 | K21: 0 | L21: 670.60452 | M21: =L21*H21 -> 2011.8136 | N21: 402.36271
A22: P0021 | B22: דניאל בנדרימר | C22: מל"מ | D22: 45930 | E22: 45930 | F22: 09/2025 | G22: 1 | H22: 1 | I22: 0 | J22: 0 | K22: 0 | L22: 670.60452 | M22: =L22*H22 -> 670.60452 | N22: 134.1209
A23: P0022 | B23: חיים ראש | C23: מל"מ | D23: 45813 | E23: 45813 | F23: 06/2025 | G23: 1 | H23: 1 | I23: 0 | J23: 0 | K23: 0 | L23: 950.00461 | M23: =L23*H23 -> 950.00461 | N23: 190.00092
A24: P0023 | B24: יום טוב מוסארי | C24: רוה"מ | D24: 45708 | E24: 45708 | F24: 02/2025 | G24: 1 | H24: 1 | I24: 0 | J24: 0 | K24: 0 | L24: 1282.4642 | M24: =L24*H24 -> 1282.4642 | N24: 256.49285
A25: P0024 | B25: יום טוב מוסארי | C25: רוה"מ | D25: 45711 | E25: 45711 | F25: 02/2025 | G25: 1 | H25: 0 | I25: 0 | J25: 1 | K25: 0 | L25: 1282.4642 | M25: =L25*H25 -> 0 | N25: 0
A26: P0025 | B26: יום טוב מוסארי | C26: רוה"מ | D26: 45820 | E26: 45837 | F26: 06/2025 | G26: 18 | H26: 12 | I26: 3 | J26: 3 | K26: 0 | L26: 1282.4642 | M26: =L26*H26 -> 15389.571 | N26: 3077.9142
A27: P0026 | B27: יורם שלמה | C27: רוה"מ | D27: 45658 | E27: 45658 | F27: 01/2025 | G27: 1 | H27: 1 | I27: 0 | J27: 0 | K27: 0 | L27: 1096.1698 | M27: =L27*H27 -> 1096.1698 | N27: 210 | P27: =1051+615 -> 1666 | Q27: 45697
B28: יורם שלמה | C28: רוה"מ | D28: 45658 | E28: 45658 | F28: 01/2025 | G28: 1 | H28: 1 | I28: 0 | J28: 0 | K28: 0 | O28: 420 | Q28: 45775
A29: P0027 | B29: יורם שלמה | C29: רוה"מ | D29: 45676 | E29: 45680 | F29: 01/2025 | G29: 5 | H29: 4 | I29: 0 | J29: 1 | K29: 0 | L29: 1096.1698 | M29: =L29*H29 -> 4384.6793 | N29: 1051 | P29: =5257+3073 -> 8330 | Q29: 45697
B30: יורם שלמה | C30: רוה"מ | D30: 45676 | E30: 45680 | F30: 01/2025 | G30: 5 | H30: 4 | I30: 0 | J30: 1 | K30: 0 | O30: 2103 | Q30: 45775
A31: P0028 | B31: יורם שלמה | C31: רוה"מ | D31: 45698 | E31: 45698 | F31: 02/2025 | G31: 1 | H31: 1 | I31: 0 | J31: 0 | K31: 0 | L31: 1096.1698 | M31: =L31*H31 -> 1096.1698 | P31: =492+1174 -> 1666 | Q31: 45777
B32: יורם שלמה | C32: רוה"מ | D32: 45698 | E32: 45698 | F32: 02/2025 | G32: 1 | H32: 0 | I32: 0 | J32: 0 | K32: 0 | O32: 666 | Q32: 45800
A33: P0029 | B33: יורם שלמה | C33: רוה"מ | D33: 45706 | E33: 45707 | F33: 02/2025 | G33: 2 | H33: 2 | I33: 0 | J33: 0 | K33: 0 | L33: 1096.1698 | M33: =L33*H33 -> 2192.3396 | N33: 470 | P33: =1378+3287 -> 4665 | Q33: 45777
A34: P0030 | B34: יורם שלמה | C34: רוה"מ | D34: 45714 | E34: 45714 | F34: 02/2025 | G34: 1 | H34: 1 | I34: 0 | J34: 0 | K34: 0 | L34: 1096.1698 | M34: =L34*H34 -> 1096.1698 | N34: 247 | P34: =492+1174 -> 1666 | Q34: 45777
B35: יורם שלמה | C35: רוה"מ | D35: 45714 | E35: 45714 | F35: 02/2025 | G35: 1 | H35: 1 | I35: 0 | J35: 0 | K35: 0 | O35: 666 | Q35: 45800
A36: P0031 | B36: יורם שלמה | C36: רוה"מ | D36: 45720 | E36: 45720 | F36: 03/2025 | G36: 1 | H36: 1 | I36: 0 | J36: 0 | K36: 0 | L36: 1096.1698 | M36: =L36*H36 -> 1096.1698 | N36: 247 | P36: =433+1233 -> 1666 | Q36: 45777
B37: יורם שלמה | C37: רוה"מ | D37: 45720 | E37: 45720 | F37: 03/2025 | G37: 1 | H37: 1 | I37: 0 | J37: 0 | K37: 0 | O37: 666 | Q37: 45834
A38: P0032 | B38: יורם שלמה | C38: רוה"מ | D38: 45733 | E38: 45735 | F38: 03/2025 | G38: 3 | H38: 3 | I38: 0 | J38: 0 | K38: 0 | L38: 1096.1698 | M38: =L38*H38 -> 3288.5095 | N38: =493+247 -> 740 | P38: =866+433+1233+2466 -> 4998 | Q38: 45834
B39: יורם שלמה | C39: רוה"מ | D39: 45733 | E39: 45735 | F39: 03/2025 | G39: 3 | H39: 3 | I39: 0 | J39: 0 | K39: 0 | O39: 1999 | Q39: 45834
A40: P0033 | B40: יורם שלמה | C40: רוה"מ | D40: 45746 | E40: 45747 | F40: 03/2025 | G40: 2 | H40: 4 | I40: 0 | J40: 1 | K40: 0 | L40: 1096.1698 | M40: =L40*H40 -> 4384.6793 | N40: 493 | P40: =866+2466 -> 3332 | Q40: 45777
A41: P0034 | B41: יורם שלמה | C41: רוה"מ | D41: 45748 | E41: 45750 | F41: 04/2025 | G41: 3 | H41: 3 | I41: 0 | J41: 0 | K41: 0 | L41: 1096.17 | M41: =L41*H41 -> 3288.51 | N41: 760 | P41: 4998 | Q41: 45877
A42: P0034 | B42: יורם שלמה | C42: רוה"מ | D42: 45756 | E42: 45757 | F42: 04/2025 | G42: 2 | H42: 2 | I42: 0 | J42: 0 | K42: 0 | L42: 1096.1698 | M42: =L42*H42 -> 2192.3396 | N42: 506 | P42: 3332 | Q42: 45877
A43: P0035 | B43: יורם שלמה | C43: רוה"מ | D43: 45781 | E43: 45785 | F43: 05/2025 | G43: 5 | H43: 5 | I43: 0 | J43: 0 | K43: 0 | L43: 1096.1698 | M43: =L43*H43 -> 5480.8491 | N43: 1254 | P43: 8775 | Q43: 45877
A44: P0036 | B44: יורם שלמה | C44: רוה"מ | D44: 45789 | E44: 45789 | F44: 05/2025 | G44: 1 | H44: 1 | I44: 0 | J44: 0 | K44: 0 | L44: 1096.1698 | M44: =L44*H44 -> 1096.1698 | N44: 251 | P44: 1254 | Q44: 45877
A45: P0037 | B45: יורם שלמה | C45: רוה"מ | D45: 45805 | E45: 45805 | F45: 05/2025 | G45: 1 | H45: 1 | I45: 0 | J45: 0 | K45: 0 | L45: 1096.1698 | M45: =L45*H45 -> 1096.1698 | N45: 251 | P45: 1254 | Q45: 45877
A46: P0038 | B46: יורם שלמה | C46: רוה"מ | D46: 45813 | E46: 45813 | F46: 06/2025 | G46: 1 | H46: 1 | I46: 0 | J46: 0 | K46: 0 | L46: 1096.1698 | M46: =L46*H46 -> 1096.1698 | N46: 259 | P46: 1811 | Q46: 45877
A47: P0039 | B47: יורם שלמה | C47: רוה"מ | D47: 45819 | E47: 45820 | F47: 06/2025 | G47: 2 | H47: 2 | I47: 0 | J47: 0 | K47: 0 | L47: 1096.1698 | M47: =L47*H47 -> 2192.3396 | N47: 517 | P47: 2587 | Q47: 45877
A48: P0040 | B48: יורם שלמה | C48: רוה"מ | D48: 45866 | E48: 45869 | F48: 07/2025 | G48: 4 | H48: 4 | I48: 0 | J48: 0 | K48: 0 | L48: 1096.1698 | M48: =L48*H48 -> 4384.6793
A49: P0041 | B49: יורם שלמה | C49: רוה"מ | D49: 45917 | E49: 45917 | F49: 09/2025 | G49: 2 | H49: 2 | I49: 0 | J49: 0 | K49: 0 | L49: 1096.1698 | M49: =L49*H49 -> 2192.3396 | R49: =P49-M49 -> -2192.3396 | T49: לא שולם- בני- בהמשך -09.11.25
A50: P0042 | B50: יענקל מונטבולינסקי | C50: רפאל | D50: 45859 | E50: 45859 | F50: 07/2025 | G50: 1 | H50: 1 | I50: 0 | J50: 0 | K50: 0 | L50: 834.19474 | M50: =L50*H50 -> 834.19474 | N50: 166.83895 | R50: =P50-M50 -> -834.19474 | T50: לא שולם- בני- בהמשך -09.11.25
A51: P0043 | B51: יענקל מונטבולינסקי | C51: רפאל | D51: 45861 | E51: 45862 | F51: 07/2025 | G51: 2 | H51: 2 | I51: 0 | J51: 0 | K51: 0 | L51: 834.19474 | M51: =L51*H51 -> 1668.3895 | N51: 333.6779 | R51: =P51-M51 -> -1668.3895 | T51: לא שולם- בני- בהמשך -09.11.25
A52: P0044 | B52: יענקל מונטבולינסקי | C52: רפאל | D52: 45866 | E52: 45868 | F52: 07/2025 | G52: 3 | H52: 3 | I52: 0 | J52: 0 | K52: 0 | L52: 834.19474 | M52: =L52*H52 -> 2502.5842 | N52: 500.51684
A53: P0045 | B53: יענקל מונטבולינסקי | C53: רפאל | D53: 45873 | E53: 45873 | F53: 08/2025 | G53: 1 | H53: 1 | I53: 0 | J53: 0 | K53: 0 | L53: 834.19474 | M53: =L53*H53 -> 834.19474 | N53: 166.83895
A54: P0046 | B54: יענקל מונטבולינסקי | C54: רפאל | D54: 45876 | E54: 45876 | F54: 08/2025 | G54: 1 | H54: 1 | I54: 0 | J54: 0 | K54: 0 | L54: 834.19474 | M54: =L54*H54 -> 834.19474 | N54: 166.83895 | R54: =P54-M54 -> -834.19474 | T54: לא שולם- בני- בהמשך -09.11.25
A55: P0047 | B55: יענקל מונטבולינסקי | C55: רפאל | D55: 45881 | E55: 45881 | F55: 08/2025 | G55: 1 | H55: 1 | I55: 0 | J55: 0 | K55: 0 | L55: 834.19474 | M55: =L55*H55 -> 834.19474 | N55: 166.83895 | R55: =P55-M55 -> -834.19474 | T55: לא שולם- בני- בהמשך -09.11.25
A56: P0048 | B56: יענקל מונטבולינסקי | C56: רפאל | D56: 45915 | E56: 45916 | F56: 09/2025 | G56: 2 | H56: 2 | I56: 0 | J56: 0 | K56: 0 | L56: 834.19474 | M56: =L56*H56 -> 1668.3895 | N56: 333.6779
A57: P0049 | B57: יענקל מונטבולינסקי | C57: רפאל | D57: 45921 | E57: 45921 | F57: 09/2025 | G57: 1 | H57: 0 | I57: 0 | J57: 1 | K57: 0 | L57: 834.19474 | M57: =L57*H57 -> 0 | N57: 0
A58: P0050 | B58: לאון שמייב | C58: רוה"מ | D58: 45740 | E58: 45740 | F58: 03/2025 | G58: 1 | H58: 1 | I58: 0 | J58: 0 | K58: 0 | L58: 730.27227 | M58: =L58*H58 -> 730.27227 | N58: 146.05445
A59: P0051 | B59: לאון שמייב | C59: רוה"מ | D59: 45802 | E59: 45804 | F59: 05/2025 | G59: 3 | H59: 2 | I59: 0 | J59: 1 | K59: 0 | L59: 730.27227 | M59: =L59*H59 -> 1460.5445 | N59: 292.10891
A60: P0052 | B60: לאון שמייב | C60: רוה"מ | D60: 45824 | E60: 45831 | F60: 06/2025 | G60: 8 | H60: 6 | I60: 1 | J60: 1 | K60: 0 | L60: 730.27227 | M60: =L60*H60 -> 4381.6336 | N60: 876.32672
A61: P0053 | B61: לאון שמייב | C61: רוה"מ | D61: 45865 | E61: 45867 | F61: 07/2025 | G61: 3 | H61: 2 | I61: 0 | J61: 1 | K61: 0 | L61: 730.27227 | M61: =L61*H61 -> 1460.5445 | N61: 292.10891
A62: P0054 | B62: לאון שמייב | C62: רוה"מ | D62: 45886 | E62: 45889 | F62: 08/2025 | G62: 4 | H62: 3 | I62: 0 | J62: 1 | K62: 0 | L62: 730.27227 | M62: =L62*H62 -> 2190.8168 | N62: 438.16336
A63: P0055 | B63: לוי דור | C63: רפאל | D63: 45679 | E63: 45687 | F63: 01/2025 | G63: 9 | H63: 7 | I63: 1 | J63: 1 | K63: 0 | L63: 826.99585 | M63: =L63*H63 -> 5788.9709 | N63: 1193 | P63: 6692 | Q63: 45700 | R63: =P63-M63 -> 903.02907 | T63: לא שולם- בני- בהמשך -09.11.25
A64: P0056 | B64: לוי דור | C64: רפאל | D64: 45769 | E64: 45771 | F64: 04/2025 | G64: 3 | H64: 3 | I64: 0 | J64: 0 | K64: 0 | L64: 826.99585 | M64: =L64*H64 -> 2480.9875 | N64: 496.19751
A65: P0057 | B65: לוי דור | C65: רפאל | D65: 45797 | E65: 45799 | F65: 05/2025 | G65: 3 | H65: 3 | I65: 0 | J65: 0 | K65: 0 | L65: 826.99585 | M65: =L65*H65 -> 2480.9875 | N65: 496.19751 | R65: =P65-M65 -> -2480.9875 | T65: לא שולם- בני- בהמשך -09.11.25
A66: P0058 | B66: לוי דור | C66: רפאל | D66: 45803 | E66: 45807 | F66: 05/2025 | G66: 5 | H66: 5 | I66: 0 | J66: 0 | K66: 0 | L66: 826.99585 | M66: =L66*H66 -> 4134.9792 | N66: 826.99585 | R66: =P66-M66 -> -4134.9792 | S66: 45931
A67: P0059 | B67: לוי דור | C67: רפאל | D67: 45826 | E67: 45830 | F67: 06/2025 | G67: 5 | H67: 3 | I67: 1 | J67: 1 | K67: 0 | L67: 826.99585 | M67: =L67*H67 -> 2480.9875 | N67: 496.19751 | R67: =P67-M67 -> -2480.9875 | S67: 45931
A68: P0060 | B68: לוי דור | C68: רפאל | D68: 45860 | E68: 45860 | F68: 07/2025 | G68: 1 | H68: 1 | I68: 0 | J68: 0 | K68: 0 | L68: 826.99585 | M68: =L68*H68 -> 826.99585 | N68: 165.39917
A69: P0061 | B69: לוי דור | C69: רפאל | D69: 45874 | E69: 45876 | F69: 08/2025 | G69: 3 | H69: 3 | I69: 0 | J69: 0 | K69: 0 | L69: 826.99585 | M69: =L69*H69 -> 2480.9875 | N69: 496.19751
A70: P0062 | B70: לוי דור | C70: רפאל | D70: 45888 | E70: 45890 | F70: 08/2025 | G70: 3 | H70: 3 | I70: 0 | J70: 0 | K70: 0 | L70: 826.99585 | M70: =L70*H70 -> 2480.9875 | N70: 496.19751
A71: P0063 | B71: מנפרד מרקוביץ' | C71: רפאל | D71: 45664 | E71: 45664 | F71: 01/2025 | G71: 1 | H71: 1 | I71: 0 | J71: 0 | K71: 0 | L71: 868.57407 | M71: =L71*H71 -> 868.57407 | N71: 164 | P71: 1437 | Q71: 45697
A72: P0063 | B72: מנפרד מרקוביץ' | C72: רפאל | D72: 45664 | E72: 45664 | F72: 01/2025 | G72: 1 | H72: 1 | I72: 0 | J72: 0 | K72: 0 | O72: 575 | Q72: 45775
A73: P0064 | B73: מנפרד מרקוביץ' | C73: רפאל | D73: 45673 | E73: 45673 | F73: 01/2025 | G73: 1 | H73: 1 | I73: 0 | J73: 0 | K73: 0 | L73: 868.57407 | M73: =L73*H73 -> 868.57407 | N73: 164 | P73: 1437 | Q73: 45697
A74: P0064 | B74: מנפרד מרקוביץ' | C74: רפאל | D74: 45673 | E74: 45673 | F74: 01/2025 | G74: 1 | H74: 1 | I74: 0 | J74: 0 | K74: 0 | O74: 575 | Q74: 45775
A75: P0065 | B75: מנפרד מרקוביץ' | C75: רפאל | D75: 45712 | E75: 45716 | F75: 02/2025 | G75: 5 | H75: 5 | I75: 0 | J75: 0 | K75: 0 | L75: 868.57407 | M75: =L75*H75 -> 4342.8703 | N75: 1217 | P75: 7184 | Q75: 45770 | R75: =P75-M75 -> 2841.1297 | S75: 45931
A76: P0066 | B76: מנפרד מרקוביץ' | C76: רפאל | D76: 45735 | E76: 45736 | F76: 03/2025 | G76: 2 | H76: 2 | I76: 0 | J76: 0 | K76: 0 | L76: 868.57407 | M76: =L76*H76 -> 1737.1481 | O76: 1149 | Q76: 45834 | R76: =P76-M76 -> -1737.1481 | S76: 45931
B77: מנפרד מרקוביץ' | C77: רפאל | D77: 45735 | E77: 45736 | F77: 03/2025 | G77: 2 | H77: 2 | I77: 0 | J77: 0 | K77: 0 | N77: 481 | O77: 1149 | P77: 2873 | Q77: 45770 | R77: =P77-M77 -> 2873 | S77: 45931
A78: P0067 | B78: מנפרד מרקוביץ' | C78: רפאל | D78: 45742 | E78: 45742 | F78: 03/2025 | G78: 1 | H78: 1 | I78: 0 | J78: 0 | K78: 0 | L78: 868.57407 | M78: =L78*H78 -> 868.57407 | O78: 575 | Q78: 45834
B79: מנפרד מרקוביץ' | C79: רפאל | D79: 45742 | E79: 45742 | F79: 03/2025 | G79: 1 | H79: 1 | I79: 0 | J79: 0 | K79: 0 | N79: 240 | O79: 575 | P79: 1437 | Q79: 45770
A80: P0068 | B80: מנפרד מרקוביץ' | C80: רפאל | D80: 45749 | E80: 45749 | F80: 04/2025 | G80: 1 | H80: 1 | I80: 0 | J80: 0 | K80: 0 | L80: 868.57407 | M80: =L80*H80 -> 868.57407 | N80: 250 | P80: 1437 | Q80: 45877
A81: P0069 | B81: מנפרד מרקוביץ' | C81: רפאל | D81: 45755 | E81: 45755 | F81: 04/2025 | G81: 1 | H81: 1 | I81: 0 | J81: 0 | K81: 0 | L81: 868.57407 | M81: =L81*H81 -> 868.57407 | N81: 250 | P81: 1437 | Q81: 45877 | R81: =P81-M81 -> 568.42593 | S81: 45931
A82: P0070 | B82: מנפרד מרקוביץ' | C82: רפאל | D82: 45781 | E82: 45781 | F82: 05/2025 | G82: 1 | H82: 1 | I82: 0 | J82: 0 | K82: 0 | L82: 868.57407 | M82: =L82*H82 -> 868.57407 | N82: 178 | P82: 891 | Q82: 45877 | R82: =P82-M82 -> 22.425934 | S82: 45931
A83: P0071 | B83: מנפרד מרקוביץ' | C83: רפאל | D83: 45784 | E83: 45784 | F83: 05/2025 | G83: 1 | H83: 1 | I83: 0 | J83: 0 | K83: 0 | L83: 868.57407 | M83: =L83*H83 -> 868.57407 | N83: 178 | P83: 891 | Q83: 45877 | R83: =P83-M83 -> 22.425934 | S83: 45931
A84: P0072 | B84: מנפרד מרקוביץ' | C84: רפאל | D84: 45789 | E84: 45789 | F84: 05/2025 | G84: 1 | H84: 1 | I84: 0 | J84: 0 | K84: 0 | L84: 868.57407 | M84: =L84*H84 -> 868.57407 | N84: 178 | P84: 891 | Q84: 45877 | R84: =P84-M84 -> 22.425934 | S84: 45931
A85: P0073 | B85: מנפרד מרקוביץ' | C85: רפאל | D85: 45801 | E85: 45801 | F85: 05/2025 | G85: 1 | H85: 1 | I85: 0 | J85: 0 | K85: 0 | L85: 868.57407 | M85: =L85*H85 -> 868.57407 | N85: 178 | P85: 891 | Q85: 45877 | R85: =P85-M85 -> 22.425934 | T85: לא שולם- מועבר לולדה לבדיקה שח 05-07.2025- הפרשים שליליים
A86: P0073 | B86: מנפרד מרקוביץ' | C86: רפאל | D86: 45802 | E86: 45808 | F86: 05/2025 | G86: 7 | H86: 5 | I86: 2 | J86: 0 | K86: 0 | L86: 868.57407 | M86: =L86*H86 -> 4342.8703 | N86: 1247 | P86: 6234 | Q86: 45877 | R86: =P86-M86 -> 1891.1297 | T86: לא שולם- מועבר לולדה לבדיקה שח 05-07.2025- הפרשים שליליים
A87: P0073 | B87: מנפרד מרקוביץ' | C87: רפאל | D87: 45809 | E87: 45838 | F87: 06/2025 | G87: 30 | H87: 22 | I87: 4 | J87: 4 | K87: 0 | L87: 868.57407 | M87: ='1️⃣ רשימת עובדים'!F14 -> 18822 | N87: 5333 | P87: 26717 | Q87: 45877 | R87: =P87-M87 -> 7895 | T87: לא שולם- מועבר לולדה לבדיקה שח 05-07.2025- הפרשים שליליים
A88: P0073 | B88: מנפרד מרקוביץ' | C88: רפאל | D88: 45839 | E88: 45869 | F88: 07/2025 | G88: 31 | H88: 23 | I88: 4 | J88: 4 | K88: 0 | L88: 868.57407 | M88: ='1️⃣ רשימת עובדים'!F6 -> 18828 | N88: 5448 | P88: 27607 | Q88: 45877 | R88: =P88-M88 -> 8779 | T88: לא שולם- מועבר לולדה לבדיקה שח 05-07.2025- הפרשים שליליים
A89: P0074 | B89: משה בורך | C89: רפאל | D89: 45666 | E89: 45666 | F89: 01/2025 | G89: 1 | H89: 1 | I89: 0 | J89: 0 | K89: 0 | L89: 929.85695 | M89: =L89*H89 -> 929.85695 | P89: 763 | Q89: 45708
B90: משה בורך | C90: רפאל | D90: 45666 | E90: 45666 | F90: 01/2025 | G90: 1 | H90: 1 | I90: 0 | J90: 0 | K90: 0 | O90: 305 | Q90: 45775
A91: P0075 | B91: משה בורך | C91: רפאל | D91: 45686 | E91: 45687 | F91: 01/2025 | G91: 2 | H91: 2 | I91: 0 | J91: 0 | K91: 0 | L91: 929.85695 | M91: =L91*H91 -> 1859.7139 | N91: 301 | P91: 2137 | Q91: 45700
A92: P0076 | B92: משה בורך | C92: רפאל | D92: 45711 | E92: 45711 | F92: 02/2025 | G92: 1 | H92: 0 | I92: 0 | J92: 1 | K92: 0 | L92: 929.85695 | M92: =L92*H92 -> 0 | N92: 158 | P92: 1107 | Q92: 45770
A93: P0077 | B93: משה בורך | C93: רפאל | D93: 45714 | E93: 45714 | F93: 02/2025 | G93: 1 | H93: 1 | I93: 0 | J93: 0 | K93: 0 | L93: 929.85695 | M93: =L93*H93 -> 929.85695
A94: P0082 | B94: משה בורך | C94: רפאל | D94: 45774 | E94: 45774 | F94: 04/2025 | G94: 1 | H94: 1 | I94: 0 | J94: 1 | K94: 0 | L94: 929.85695 | M94: =L94*H94 -> 929.85695
A95: P0078 | B95: משה בורך | C95: רפאל | D95: 45721 | E95: 45721 | F95: 03/2025 | G95: 1 | H95: 1 | I95: 0 | J95: 0 | K95: 0 | L95: 929.85695 | M95: =L95*H95 -> 929.85695 | N95: 162 | P95: 1136 | Q95: 45877
A96: P0079 | B96: משה בורך | C96: רפאל | D96: 45740 | E96: 45741 | F96: 03/2025 | G96: 2 | H96: 2 | I96: 0 | J96: 0 | K96: 0 | L96: 929.85695 | M96: =L96*H96 -> 1859.7139 | N96: 325 | P96: 2273 | Q96: 45877
A97: P0080 | B97: משה בורך | C97: רפאל | D97: 45743 | E97: 45743 | F97: 03/2025 | G97: 1 | H97: 1 | I97: 0 | J97: 0 | K97: 0 | L97: 929.85695 | M97: =L97*H97 -> 929.85695 | N97: 162 | P97: 1136 | Q97: 45877
A98: P0081 | B98: משה בורך | C98: רפאל | D98: 45768 | E98: 45768 | F98: 04/2025 | G98: 1 | H98: 1 | I98: 0 | J98: 0 | K98: 0 | L98: 929.85695 | M98: =L98*H98 -> 929.85695 | N98: 163 | P98: 1138 | Q98: 45877
A99: P0083 | B99: משה בורך | C99: רפאל | D99: 45781 | E99: 45781 | F99: 05/2025 | G99: 1 | H99: 1 | I99: 0 | J99: 1 | K99: 0 | L99: 929.85695 | M99: =L99*H99 -> 929.85695 | N99: 161 | P99: 511 | Q99: 45877
A100: P0084 | B100: משה בורך | C100: רפאל | D100: 45789 | E100: 45792 | F100: 05/2025 | G100: 4 | H100: 4 | I100: 0 | J100: 0 | K100: 0 | L100: 929.85695 | M100: =L100*H100 -> 3719.4278 | N100: 644 | P100: 2042 | Q100: 45877
...

Sheet 📈 היסטוריית שכר
A1: 📈 היסטוריית שכר - מעקב אחר שינויי תעריפים
A2: 💡 כל שינוי בתעריף יומי מתועד כאן. המערכת תשתמש בתעריף הנכון לפי תאריך השירות.
A4: ת.ז. | B4: שם מלא | C4: תעריף יומי ₪ | D4: תעריף חודשי ₪ | E4: תקף מתאריך | F4: תקף עד תאריך | G4: סוג שינוי | H4: הערות
A5: 211877550 | B5: אוראל שווקי | C5: =D5/21.67 -> 922.93493 | D5: 20000 | E5: 45566 | G5: תעריף ראשוני
A6: 37643772 | B6: אורי אשתר | C6: =D6/21.67 -> 1108.7217 | D6: =(21250+2776) -> 24026 | E6: 45784 | G6: תעריף ראשוני
A7: 28027738 | B7: אייל מלח | C7: =D7/21.67 -> 883.7102 | D7: =(15350+2650+1150) -> 19150 | E7: 45292 | G7: תעריף ראשוני | H7: לפני העלאה
A8: 28027738 | B8: אייל מלח | C8: =D8/21.67 -> 946.00831 | D8: =(16400+4100) -> 20500 | E8: 01/09/2024 | G8: 🔺 העלאת שכר | H8: שינוי מספטמבר 2025
A9: 203661004 | B9: אריאל אליה | C9: 876.93 | D9: 19003 | E9: 01/01/2024 | G9: תעריף ראשוני
A10: 206092371 | B10: דניאל אולשנסקי | C10: =D10/21.67 -> 846.00831 | D10: =(15790+2543) -> 18333 | E10: 45658 | F10: 45991 | G10: תעריף ראשוני | H10: סיים ב30.11.2025
A11: 315919936 | B11: דניאל בנדרימר | C11: =D11/21.67 -> 670.2815 | D11: =13175+1350 -> 14525 | E11: 01/01/2024 | G11: תעריף ראשוני
A12: 69304962 | B12: חיים ראש | C12: =D12/21.67 -> 1084.4024 | D12: =(16954+3633+16*182) -> 23499 | E12: 01/01/2024 | G12: תעריף ראשוני | H12: כולל תוספת של 16 ₪ בהפרשים
A13: 25474677 | B13: יום טוב מוסארי | C13: =D13/21.67 -> 1180.1108 | D13: =21250+4323 -> 25573 | E13: 45292 | F13: 45808 | G13: תעריף ראשוני
A14: 25474677 | B14: יום טוב מוסארי | C14: =D14/21.67 -> 1282.4642 | D14: =(22750+5041) -> 27791 | E14: 45809 | G14: 🔺 העלאת שכר
A15: 22201347 | B15: יורם שלמה | C15: =D15/21.67 -> 1107.3373 | D15: 23996 | E15: 01/01/2024 | F15: 45961 | G15: תעריף ראשוני | H15: סיים ב31.10.2025
A16: 322131285 | B16: יענקל מונטבולינסקי | C16: =D16/21.67 -> 868.8048 | D16: =16150+817+1110+750 -> 18827 | E16: 45809 | G16: תעריף ראשוני
A17: 209501998 | B17: לאון שמייב | C17: 599.86 | D17: 13000 | E17: 45292 | F17: 45869 | G17: תעריף ראשוני
A18: 209501998 | B18: לאון שמייב | C18: =D18/21.67 -> 738.34795 | D18: 16000 | E18: 45870 | G18: 🔺 העלאת שכר
A19: 308280510 | B19: לוי דור | C19: 744.35 | D19: 16130 | E19: 01/01/2024 | G19: תעריף ראשוני
A20: 11915519 | B20: מנפרד מרקוביץ' | C20: 845.92 | D20: 18331 | E20: 01/01/2024 | F20: 45961 | G20: תעריף ראשוני
A21: 11915519 | B21: מנפרד מרקוביץ' | C21: =D21/21.67 -> 983.94093 | D21: =(18275+3047) -> 21322 | E21: 45962 | G21: 🔺 העלאת שכר
A22: 25147505 | B22: משה בורך | C22: 868.68 | D22: 18824 | E22: 01/01/2024 | F22: 45961 | G22: תעריף ראשוני
A23: 25147505 | B23: משה בורך | C23: =D23/21.67 -> 877.34195 | D23: =(17580+1432) -> 19012 | E23: 45962 | G23: 🔺 העלאת שכר
A24: 25155235 | B24: נתן פרדר | C24: =D24/21.67 -> 914.85925 | D24: =17000+2825 -> 19825 | E24: 45658 | G24: תעריף ראשוני
A25: 315536524 | B25: צחי חנגל | C25: =D25/21.67 -> 812.22889 | D25: =13430+3052+1119 -> 17601 | E25: 45292 | G25: תעריף ראשוני
A26: 25342445 | B26: משה פינץ | C26: =D26/21.67 -> 914.85925 | D26: =(17000+1657+1168) -> 19825 | E26: 45658 | F26: 45961 | G26: תעריף ראשוני | H26: סיים ב31.10.2025
A27: 32345035 | B27: רפאל שועה | C27: =D27/21.67 -> 815.41301 | D27: =(15725+1945) -> 17670 | E27: 45658 | G27: תעריף ראשוני
A28: 206184806 | B28: אבישי שרון מהדקאר | C28: =D28/21.67 -> 822.61191 | D28: =(15300+926+750+850) -> 17826 | E28: 45893 | G28: תעריף ראשוני
A29: 213026206 | B29: אורי דוד עברי | C29: =D29/21.67 -> 730.31841 | D29: =(13600+750+626+850) -> 15826 | E29: 45945 | G29: תעריף ראשוני
A30: 316048313 | B30: איתי קעטבי | C30: =D30/21.67 -> 1191.7859 | D30: =(22100+2176+750+800) -> 25826 | E30: 46001 | G30: תעריף ראשוני
A31: 324921550 | B31: נהיראל כהן | C31: =D31/21.67 -> 684.17167 | D31: =(12750+750+476+850) -> 14826 | E31: 45755 | G31: תעריף ראשוני
A32: 318763786 | B32: קומרוב ג'סיקה | C32: =D32/21.67 -> 692.2012 | D32: =(12000+3000) -> 15000 | E32: 45579 | G32: תעריף ראשוני
A33: 207384934 | B33: רום יחיא | C33: =D33/21.67 -> 776.64975 | D33: =(14450+1580+800) -> 16830 | E33: 45748 | G33: תעריף ראשוני

Sheet 2️⃣ תקופות מילואים-חדש
A1: ת"ז | B1: שם עובד | C1: מחלקה | D1: תאריך התחלה | E1: תאריך סיום | F1: חודש | G1: סה"כ ימים | H1: ימי א-ה | I1: ימי שישי | J1: ימי שבת | K1: ימי חג | L1: תעריף יומי | M1: תשלום מעסיק (א-ה) | N1: ב"ל לעובדתוספת 40% | O1: סה"כ תגמול מביטוח לאומי ₪ | P1: מועד תשלום ביטוח לאומי | Q1: סכום הפרשים לעובד ₪ | R1: שולם לעובד בשכר קודם | S1: חודש ביצוע תשלום | T1: 💰 הערות
A2: 211877550 | B2: אוראל שווקי | C2: רפאל | D2: 45735 | E2: 45735 | F2: 45717 | G2: 1 | H2: 1 | I2: 0 | J2: 0 | K2: 0 | L2: ='📈 היסטוריית שכר'!C5 -> 922.93493 | M2: =L2*H2 -> 922.93493 | O2: 873 | P2: 45988 | Q2: =O2-M2 -> -49.934933 | S2: 46023 | T2: שולי-- לא הייתי מחייבת
A3: 37643772 | B3: אורי אשתר | C3: מל"מ | D3: 45901 | E3: 45917 | F3: 45901 | G3: 17 | H3: 13 | I3: 2 | J3: 2 | K3: 0 | L3: ='📈 היסטוריית שכר'!C6 -> 1108.7217 | M3: =L3*H3 -> 14413.383 | N3: 1089 | O3: 15431 | P3: 45988 | Q3: =O3-M3+N3 -> 2106.6174 | S3: 46023
A4: 37643772 | B4: אורי אשתר | C4: מל"מ | D4: 45943 | E4: 45943 | F4: 45931 | G4: 1 | H4: 1 | I4: 0 | J4: 0 | K4: 0 | L4: 1109 | M4: =L4*H4 -> 1109 | O4: 1042 | P4: 45988 | Q4: =O4-M4 -> -67 | S4: 46023
A5: 28027738 | B5: אייל מלח | C5: רפאל | D5: 45658 | E5: 45660 | F5: 45658 | G5: 3 | H5: 2 | I5: 1 | J5: 0 | K5: 0 | L5: ='📈 היסטוריית שכר'!C7 -> 883.7102 | M5: =L5*H5 -> 1767.4204 | O5: 2403.19 | P5: 45700 | Q5: =O5-M5 -> 635.7696 | S5: 46023
A6: 28027738 | B6: אייל מלח | C6: רפאל | D6: 45796 | E6: 45798 | F6: 45778 | G6: 3 | H6: 3 | I6: 0 | J6: 0 | K6: 0 | L6: ='📈 היסטוריית שכר'!C8 -> 946.00831 | M6: =L6*H6 -> 2838.0249 | N6: 963 | O6: 2408 | P6: 45988 | Q6: =O6-M6+N6 -> 532.97508 | S6: 46023
A7: 28027738 | B7: אייל מלח | C7: רפאל | D7: 45820 | E7: 45834 | F7: 45809 | G7: 15 | H7: 11 | I7: 2 | J7: 2 | K7: 0 | L7: ='📈 היסטוריית שכר'!C9 -> 876.93 | M7: =L7*H7 -> 9646.23 | N7: 321 | O7: 12039 | P7: 45988 | Q7: =O7-M7+N7 -> 2713.77 | S7: 46023
A8: 28027738 | B8: אייל מלח | C8: רפאל | D8: 45867 | E8: 45869 | F8: 45839 | G8: 3 | H8: 3 | I8: 0 | J8: 0 | K8: 0 | L8: ='📈 היסטוריית שכר'!C10 -> 846.00831 | M8: =L8*H8 -> 2538.0249 | N8: 964 | O8: 2409 | P8: 45988 | Q8: =O8-M8+N8 -> 834.97508 | S8: 46023
A9: 28027738 | B9: אייל מלח | C9: רפאל | D9: 45911 | E9: 45914 | F9: 45901 | G9: 4 | H9: 2 | I9: 1 | J9: 1 | K9: 0 | L9: ='📈 היסטוריית שכר'!C8 -> 946.00831 | M9: =L9*H9 -> 1892.0166 | N9: 514 | O9: 1284 | P9: 45988 | Q9: =O9-M9+N9 -> -94.016613 | S9: 46023
A10: 203661004 | B10: אריאל אליה | C10: מל"מ | D10: 45676 | E10: 45679 | F10: 45658 | G10: 4 | H10: 4 | I10: 0 | J10: 0 | K10: 0 | L10: ='📈 היסטוריית שכר'!C9 -> 876.93 | M10: =L10*H10 -> 3507.72 | O10: 3710 | P10: 45697 | Q10: =O10-M10 -> 202.28 | S10: 45717
A11: 203661004 | B11: אריאל אליה | C11: מל"מ | D11: 45718 | E11: 45721 | F11: 45717 | G11: 4 | H11: 4 | I11: 0 | J11: 0 | K11: 0 | L11: 876.93 | M11: =L11*H11 -> 3507.72 | O11: 3739 | P11: 45985 | Q11: =O11-M11 -> 231.28 | S11: 46023
A12: 203661004 | B12: אריאל אליה | C12: מל"מ | D12: 45770 | E12: 45770 | F12: 45748 | G12: 1 | H12: 1 | I12: 0 | J12: 0 | K12: 0 | L12: 876.93 | M12: =L12*H12 -> 876.93 | O12: 691 | P12: 45985 | Q12: =O12-M12 -> -185.93 | S12: 46023
A13: 203661004 | B13: אריאל אליה | C13: מל"מ | D13: 45774 | E13: 45774 | F13: 45748 | G13: 1 | H13: 1 | I13: 0 | J13: 0 | K13: 0 | L13: 876.93 | M13: =L13*H13 -> 876.93 | O13: 691 | P13: 45985 | Q13: =O13-M13 -> -185.93 | S13: 46023
A14: 203661004 | B14: אריאל אליה | C14: מל"מ | D14: 45781 | E14: 45801 | F14: 45778 | G14: 21 | H14: 15 | I14: 3 | J14: 3 | K14: 0 | L14: 876.93 | M14: =L14*H14 -> 13153.95 | O14: 14425 | P14: 45985 | Q14: =O14-M14 -> 1271.05 | S14: 46023
A15: 203661004 | B15: אריאל אליה | C15: מל"מ | D15: 45886 | E15: 45890 | F15: 45870 | G15: 5 | H15: 5 | I15: 0 | J15: 0 | K15: 0 | L15: 876.93 | M15: =L15*H15 -> 4384.65 | O15: =288+M15 -> 4672.65 | P15: 45985 | Q15: =O15-M15 -> 288 | S15: 46023 | T15: לבדוק מדוע לא שולם
A16: 315919936 | B16: דניאל בנדרימר | C16: מל"מ | D16: 45683 | E16: 45687 | F16: 45658 | G16: 5 | H16: 5 | I16: 0 | J16: 0 | K16: 0 | L16: ='📈 היסטוריית שכר'!C11 -> 670.2815 | M16: =L16*H16 -> 3351.4075 | O16: 3981 | P16: 45697 | Q16: =O16-M16 -> 629.59252 | S16: 45717
A17: 315919936 | B17: דניאל בנדרימר | C17: מל"מ | D17: 45769 | E17: 45777 | F17: 45748 | G17: 9 | H17: 7 | I17: 1 | J17: 1 | K17: 0 | L17: 670.2815 | M17: =L17*H17 -> 4691.9705 | N17: 677 | O17: 5078 | P17: 45988 | Q17: =O17-M17+N17 -> 1063.0295 | S17: 46023
A18: 315919936 | B18: דניאל בנדרימר | C18: מל"מ | D18: 45778 | E18: 45806 | F18: 45778 | G18: 29 | H18: =G18-4*2 -> 21 | I18: 4 | J18: 4 | K18: 0 | L18: 670 | M18: =L18*H18 -> 14070 | O18: 16362 | P18: 45988 | Q18: =O18-M18+N18 -> 2292 | S18: 46023
A19: 315919936 | B19: דניאל בנדרימר | C19: מל"מ | D19: 45811 | E19: 45838 | F19: 45809 | G19: 28 | H19: 20 | I19: 4 | J19: 4 | K19: 0 | L19: 670.2815 | M19: =L19*H19 -> 13405.63 | O19: 15114 | P19: 45988 | Q19: =O19-M19+N19 -> 1708.3701 | S19: 46023
A20: 315919936 | B20: דניאל בנדרימר | C20: מל"מ | D20: 45845 | E20: 45845 | F20: 45839 | G20: 1 | H20: 1 | I20: 0 | J20: 0 | K20: 0 | L20: 670.2815 | M20: =L20*H20 -> 670.2815 | N20: 216 | O20: 540 | P20: 45988 | Q20: =O20-M20+N20 -> 85.718505 | S20: 46023
A21: 315919936 | B21: דניאל בנדרימר | C21: מל"מ | D21: 45865 | E21: 45866 | F21: 45839 | G21: 2 | H21: 2 | I21: 0 | J21: 0 | K21: 0 | L21: 670.2815 | M21: =L21*H21 -> 1340.563 | N21: 432 | O21: 1080 | P21: 45988 | Q21: =O21-M21+N21 -> 171.43701 | S21: 46023
A22: 315919936 | B22: דניאל בנדרימר | C22: מל"מ | D22: 45875 | E22: 45876 | F22: 45870 | G22: 2 | H22: 2 | I22: 0 | J22: 0 | K22: 0 | L22: 670.2815 | M22: =L22*H22 -> 1340.563 | O22: 1511 | P22: 46054 | Q22: =O22-M22 -> 170.43701 | S22: 46023
A23: 315919936 | B23: דניאל בנדרימר | C23: מל"מ | D23: 45909 | E23: 45911 | F23: 45901 | G23: 3 | H23: 3 | I23: 0 | J23: 0 | K23: 0 | L23: 670.2815 | M23: =L23*H23 -> 2010.8445 | O23: 2267 | P23: 46054 | Q23: =O23-M23 -> 256.15551 | S23: 46023
A24: 315919936 | B24: דניאל בנדרימר | C24: מל"מ | D24: 45930 | E24: 45930 | F24: 45901 | G24: 1 | H24: 1 | I24: 0 | J24: 0 | K24: 0 | L24: 670.2815 | M24: =L24*H24 -> 670.2815 | O24: 540 | P24: 46054 | Q24: =O24-M24 -> -130.2815 | S24: 46023
A25: חיים ראש | B25: חיים ראש | C25: מל"מ | D25: 45813 | E25: 45813 | F25: 45809 | G25: 1 | H25: 1 | I25: 0 | J25: 0 | K25: 0 | L25: ='📈 היסטוריית שכר'!C12 -> 1084.4024 | M25: =L25*H25 -> 1084.4024 | O25: 1497 | P25: 45988 | Q25: =O25-M25 -> 412.5976 | S25: 46023
A26: 25474677 | B26: יום טוב מוסארי | C26: רוה"מ | D26: 45708 | E26: 45708 | F26: 45689 | G26: 1 | H26: 1 | I26: 0 | J26: 0 | K26: 0 | L26: ='📈 היסטוריית שכר'!C13 -> 1180.1108 | M26: =L26*H26 -> 1180.1108 | O26: 1598 | P26: 46054 | Q26: =O26-M26 -> 417.88925 | T26: לא שולם- שיומי יבדוק סכומי תשלום קוד
A27: 25474677 | B27: יום טוב מוסארי | C27: רוה"מ | D27: 45711 | E27: 45711 | F27: 45689 | G27: 1 | H27: 1 | I27: 0 | J27: 0 | K27: 0 | L27: 1180.1108 | M27: =L27*H27 -> 1180.1108 | O27: 1598 | P27: 46054 | Q27: =O27-M27 -> 417.88925 | T27: לא שולם- שיומי יבדוק סכומי תשלום קוד
A28: 25474677 | B28: יום טוב מוסארי | C28: רוה"מ | D28: 45820 | E28: 45837 | F28: 45809 | G28: 18 | H28: 12 | I28: 3 | J28: 3 | K28: 0 | L28: 1180.1108 | M28: =L28*H28 -> 14161.329 | N28: 630 | O28: =5458+1624 -> 7082 | P28: 45988 | Q28: =O28-M28+N28 -> -6449.329 | T28: לא שולם- שיומי יבדוק סכומי תשלום קוד
A29: 22201347 | B29: יורם שלמה | C29: רוה"מ | D29: 45658 | E29: 45658 | F29: 45658 | G29: 1 | H29: 1 | I29: 0 | J29: 0 | K29: 0 | L29: ='📈 היסטוריית שכר'!C15 -> 1107.3373 | M29: =L29*H29 -> 1107.3373 | O29: 1051 | P29: 45697 | Q29: =O29-M29 -> -56.337333 | S29: 45809
A30: 22201347 | B30: יורם שלמה | C30: רוה"מ | D30: 45658 | E30: 45658 | F30: 45658 | G30: 1 | H30: 0 | I30: 0 | J30: 0 | K30: 0 | L30: 1107.3373 | M30: =L30*H30 -> 0 | N30: 420 | P30: 45775 | Q30: =N30-M30 -> 420 | S30: 45809
A31: 22201347 | B31: יורם שלמה | C31: רוה"מ | D31: 45676 | E31: 45680 | F31: 45658 | G31: 5 | H31: 5 | I31: 0 | J31: 0 | K31: 0 | L31: 1107.3373 | M31: =L31*H31 -> 5536.6867 | O31: 5257 | P31: 45697 | Q31: =O31-M31 -> -279.68666 | S31: 45809
A32: 22201347 | B32: יורם שלמה | C32: רוה"מ | D32: 45676 | E32: 45680 | F32: 45658 | G32: 5 | H32: 0 | I32: 0 | J32: 1 | K32: 0 | L32: 1107.3373 | M32: =L32*H32 -> 0 | N32: 2103 | P32: 45775 | Q32: =N32-M32 -> 2103 | R32: -3352 | S32: 45809
A33: 22201347 | B33: יורם שלמה | C33: רוה"מ | D33: 45698 | E33: 45698 | F33: 45689 | G33: 1 | H33: 1 | I33: 0 | J33: 0 | K33: 0 | L33: 1107.3373 | M33: =L33*H33 -> 1107.3373 | O33: 1174 | P33: 45770 | Q33: =O33-M33 -> 66.662667
A34: 22201347 | B34: יורם שלמה | C34: רוה"מ | D34: 45698 | E34: 45698 | F34: 45689 | G34: 1 | H34: 0 | I34: 0 | J34: 0 | K34: 0 | L34: 1107.3373 | M34: =L34*H34 -> 0 | N34: 666 | P34: 45800 | Q34: =N34-M34 -> 666
A35: 22201347 | B35: יורם שלמה | C35: רוה"מ | D35: 45706 | E35: 45707 | F35: 45689 | G35: 2 | H35: 2 | I35: 0 | J35: 0 | K35: 0 | L35: 1107.3373 | M35: =L35*H35 -> 2214.6747 | O35: 3287 | P35: 45770 | Q35: =O35-M35 -> 1072.3253
A36: 22201347 | B36: יורם שלמה | C36: רוה"מ | D36: 45714 | E36: 45714 | F36: 45689 | G36: 1 | H36: 1 | I36: 0 | J36: 0 | K36: 0 | L36: 1107.3373 | M36: =L36*H36 -> 1107.3373 | O36: 1174 | P36: 45770 | Q36: =O36-M36 -> 66.662667
A37: 22201347 | B37: יורם שלמה | C37: רוה"מ | D37: 45714 | E37: 45714 | F37: 45689 | G37: 1 | H37: 0 | I37: 0 | J37: 0 | K37: 0 | L37: 1107.3373 | M37: =L37*H37 -> 0 | N37: 666 | P37: 45800 | Q37: =N37-M37 -> 666
A38: 22201347 | B38: יורם שלמה | C38: רוה"מ | D38: 45720 | E38: 45720 | F38: 45717 | G38: 1 | H38: 1 | I38: 0 | J38: 0 | K38: 0 | L38: 1107.3373 | M38: =L38*H38 -> 1107.3373 | O38: 1233 | P38: 45770 | Q38: =O38-M38 -> 125.66267
A39: 22201347 | B39: יורם שלמה | C39: רוה"מ | D39: 45720 | E39: 45720 | F39: 45717 | G39: 1 | H39: 0 | I39: 0 | J39: 0 | K39: 0 | L39: 1107.3373 | M39: =L39*H39 -> 0 | N39: 666 | P39: 45834 | Q39: =N39-M39 -> 666
A40: 22201347 | B40: יורם שלמה | C40: רוה"מ | D40: 45733 | E40: 45734 | F40: 45717 | G40: 2 | H40: 2 | I40: 0 | J40: 0 | K40: 0 | L40: 1107.3373 | M40: =L40*H40 -> 2214.6747 | O40: =1233+2466 -> 3699 | P40: 45770 | Q40: =O40-M40 -> 1484.3253
A41: 22201347 | B41: יורם שלמה | C41: רוה"מ | D41: 45733 | E41: 45734 | F41: 45717 | G41: 2 | H41: 0 | I41: 0 | J41: 0 | K41: 0 | L41: 1107.3373 | M41: =L41*H41 -> 0 | N41: 1999 | P41: 45834 | Q41: =N41-M41 -> 1999
A42: 22201347 | B42: יורם שלמה | C42: רוה"מ | D42: 45746 | E42: 45747 | F42: 45717 | G42: 2 | H42: 2 | I42: 0 | J42: 0 | K42: 0 | L42: 1107.3373 | M42: =L42*H42 -> 2214.6747 | O42: 2466 | P42: 45770 | Q42: =O42-M42 -> 251.32533
A43: 22201347 | B43: יורם שלמה | C43: רוה"מ | D43: 45748 | E43: 45750 | F43: 45748 | G43: 3 | H43: 3 | I43: 0 | J43: 0 | K43: 0 | L43: 1107.3373 | M43: =L43*H43 -> 3322.012 | O43: 4998 | P43: 45877 | Q43: =O43-M43 -> 1675.988
A44: 22201347 | B44: יורם שלמה | C44: רוה"מ | D44: 45756 | E44: 45757 | F44: 45748 | G44: 2 | H44: 2 | I44: 0 | J44: 0 | K44: 0 | L44: 1107.3373 | M44: =L44*H44 -> 2214.6747 | O44: 3332 | P44: 45877 | Q44: =O44-M44 -> 1117.3253
A45: 22201347 | B45: יורם שלמה | C45: רוה"מ | D45: 45782 | E45: 45785 | F45: 45778 | G45: 4 | H45: 4 | I45: 0 | J45: 0 | K45: 0 | L45: 1107.3373 | M45: =L45*H45 -> 4429.3493 | O45: 8775 | P45: 45877 | Q45: =O45-M45 -> 4345.6507
A46: 22201347 | B46: יורם שלמה | C46: רוה"מ | D46: 45789 | E46: 45789 | F46: 45778 | G46: 1 | H46: 1 | I46: 0 | J46: 0 | K46: 0 | L46: 1107.3373 | M46: =L46*H46 -> 1107.3373 | O46: 1254 | P46: 45877 | Q46: =O46-M46 -> 146.66267
A47: 22201347 | B47: יורם שלמה | C47: רוה"מ | D47: 45805 | E47: 45805 | F47: 45778 | G47: 1 | H47: 1 | I47: 0 | J47: 0 | K47: 0 | L47: 1107.3373 | M47: =L47*H47 -> 1107.3373 | O47: 1254 | P47: 45877 | Q47: =O47-M47 -> 146.66267
A48: 22201347 | B48: יורם שלמה | C48: רוה"מ | D48: 45813 | E48: 45813 | F48: 45809 | G48: 1 | H48: 1 | I48: 0 | J48: 0 | K48: 0 | L48: 1107.3373 | M48: =L48*H48 -> 1107.3373 | O48: 1811 | P48: 45877 | Q48: =O48-M48 -> 703.66267
A49: 22201347 | B49: יורם שלמה | C49: רוה"מ | D49: 45819 | E49: 45820 | F49: 45809 | G49: 2 | H49: 2 | I49: 0 | J49: 0 | K49: 0 | L49: 1107.3373 | M49: =L49*H49 -> 2214.6747 | O49: 2587 | P49: 45877 | Q49: =O49-M49 -> 372.32533
A50: 22201347 | B50: יורם שלמה | C50: רוה"מ | D50: 45866 | E50: 45869 | F50: 45839 | G50: 4 | H50: 4 | I50: 0 | J50: 0 | K50: 0 | L50: 1107.3373 | M50: =L50*H50 -> 4429.3493 | O50: 7592 | P50: 45895 | Q50: =O50-M50 -> 3162.6507
A51: 22201347 | B51: יורם שלמה | C51: רוה"מ | D51: 45917 | E51: 45917 | F51: 45901 | G51: 1 | H51: 1 | I51: 0 | J51: 0 | K51: 0 | L51: 1107.3373 | M51: =L51*H51 -> 1107.3373 | O51: 1898 | P51: 45988 | Q51: =O51-M51 -> 790.66267
A52: 322131285 | B52: יענקל מונטבולינסקי | C52: רפאל | D52: 45859 | E52: 45859 | F52: 45839 | G52: 1 | H52: 1 | I52: 0 | J52: 0 | K52: 0 | L52: ='📈 היסטוריית שכר'!C16 -> 868.8048 | M52: =L52*H52 -> 868.8048 | O52: 450 | P52: 45988 | Q52: =O52-M52 -> -418.8048 | S52: 46023
A53: 322131285 | B53: יענקל מונטבולינסקי | C53: רפאל | D53: 45861 | E53: 45862 | F53: 45839 | G53: 2 | H53: 2 | I53: 0 | J53: 0 | K53: 0 | L53: 868.8048 | M53: =L53*H53 -> 1737.6096 | O53: 899 | P53: 45988 | Q53: =O53-M53 -> -838.6096 | S53: 46023
A54: 322131285 | B54: יענקל מונטבולינסקי | C54: רפאל | D54: 45866 | E54: 45868 | F54: 45839 | G54: 3 | H54: 3 | I54: 0 | J54: 0 | K54: 0 | L54: 868.8048 | M54: =L54*H54 -> 2606.4144 | O54: 1348 | P54: 45988 | Q54: =O54-M54 -> -1258.4144 | S54: 46023
A55: 322131285 | B55: יענקל מונטבולינסקי | C55: רפאל | D55: 45873 | E55: 45873 | F55: 45870 | G55: 1 | H55: 1 | I55: 0 | J55: 0 | K55: 0 | L55: 868.8048 | M55: =L55*H55 -> 868.8048 | O55: 495 | P55: 46054 | Q55: =O55-M55 -> -373.8048 | S55: 46023
A56: 322131285 | B56: יענקל מונטבולינסקי | C56: רפאל | D56: 45876 | E56: 45876 | F56: 45870 | G56: 1 | H56: 1 | I56: 0 | J56: 0 | K56: 0 | L56: 868.8048 | M56: =L56*H56 -> 868.8048 | O56: 495 | P56: 46054 | Q56: =O56-M56 -> -373.8048 | S56: 46023
A57: 322131285 | B57: יענקל מונטבולינסקי | C57: רפאל | D57: 45881 | E57: 45881 | F57: 45870 | G57: 1 | H57: 1 | I57: 0 | J57: 0 | K57: 0 | L57: 868.8048 | M57: =L57*H57 -> 868.8048 | O57: 495 | P57: 46054 | Q57: =O57-M57 -> -373.8048 | S57: 46023
A58: 322131285 | B58: יענקל מונטבולינסקי | C58: רפאל | D58: 45915 | E58: 45916 | F58: 45901 | G58: 2 | H58: 2 | I58: 0 | J58: 0 | K58: 0 | L58: 868.8048 | M58: =L58*H58 -> 1737.6096 | O58: 990 | P58: 46054 | Q58: =O58-M58 -> -747.6096 | S58: 46023
A59: 322131285 | B59: יענקל מונטבולינסקי | C59: רפאל | D59: 45921 | E59: 45921 | F59: 45901 | G59: 1 | H59: 0 | I59: 0 | J59: 1 | K59: 0 | L59: 868.8048 | M59: =L59*H59 -> 0 | O59: 495 | P59: 46054 | Q59: =O59-M59 -> 495 | S59: 46023
A60: 209501998 | B60: לאון שמייב | C60: רוה"מ | D60: 45740 | E60: 45740 | F60: 45717 | G60: 1 | H60: 1 | I60: 0 | J60: 0 | K60: 0 | L60: ='📈 היסטוריית שכר'!C17 -> 599.86 | M60: =L60*H60 -> 599.86 | O60: 853 | P60: 45988 | Q60: =O60-M60 -> 253.14 | S60: 45992
A61: 209501998 | B61: לאון שמייב | C61: רוה"מ | D61: 45802 | E61: 45804 | F61: 45778 | G61: 3 | H61: 3 | I61: 0 | J61: 0 | K61: 0 | L61: 599.86 | M61: =L61*H61 -> 1799.58 | O61: 2605 | P61: 45988 | Q61: =O61-M61 -> 805.42 | S61: 45992
A62: 209501998 | B62: לאון שמייב | C62: רוה"מ | D62: 45824 | E62: 45831 | F62: 45809 | G62: 8 | H62: 6 | I62: 1 | J62: 1 | K62: 0 | L62: 599.86 | M62: =L62*H62 -> 3599.16 | N62: 248 | O62: 4961 | P62: 45988 | Q62: =O62-M62 -> 1361.84 | S62: 45992
A63: 209501998 | B63: לאון שמייב | C63: רוה"מ | D63: 45865 | E63: 45867 | F63: 45839 | G63: 3 | H63: 3 | I63: 0 | J63: 0 | K63: 0 | L63: ='📈 היסטוריית שכר'!C18 -> 738.34795 | M63: =L63*H63 -> 2215.0438 | O63: 2546 | P63: 45988 | Q63: =O63-M63 -> 330.95616 | S63: 45992
A64: 209501998 | B64: לאון שמייב | C64: רוה"מ | D64: 45886 | E64: 45889 | F64: 45870 | G64: 4 | H64: 4 | I64: 0 | J64: 0 | K64: 0 | L64: 738.34795 | M64: =L64*H64 -> 2953.3918 | O64: 3350 | P64: 45988 | Q64: =O64-M64 -> 396.60821 | S64: 45992
A65: 308280510 | B65: לוי דור | C65: רפאל | D65: 45679 | E65: 45687 | F65: 45658 | G65: 9 | H65: 7 | I65: 1 | J65: 1 | K65: 0 | L65: ='📈 היסטוריית שכר'!C19 -> 744.35 | M65: =L65*H65 -> 5210.45 | O65: 6992 | P65: 45697 | Q65: =O65-M65 -> 1781.55 | S65: 45717
A66: 308280510 | B66: לוי דור | C66: רפאל | D66: 45769 | E66: 45771 | F66: 45748 | G66: 3 | H66: 3 | I66: 0 | J66: 0 | K66: 0 | L66: 744.35 | M66: =L66*H66 -> 2233.05 | N66: 919 | O66: 2297 | P66: 45988 | Q66: =O66-M66+N66 -> 982.95 | S66: 46023
A67: 308280510 | B67: לוי דור | C67: רפאל | D67: 45797 | E67: 45799 | F67: 45778 | G67: 3 | H67: 3 | I67: 0 | J67: 0 | K67: 0 | L67: 744.35 | M67: =L67*H67 -> 2233.05 | N67: 1018 | O67: 2546 | P67: 45988 | Q67: =O67-M67+N67 -> 1330.95 | S67: 46023
A68: 308280510 | B68: לוי דור | C68: רפאל | D68: 45803 | E68: 45807 | F68: 45778 | G68: 5 | H68: 4 | I68: 0 | J68: 0 | K68: 0 | L68: 744.35 | M68: =L68*H68 -> 2977.4 | N68: 1697 | O68: 4243 | P68: 45988 | Q68: =O68-M68+N68 -> 2962.6 | S68: 46023
A69: 308280510 | B69: לוי דור | C69: רפאל | D69: 45826 | E69: 45830 | F69: 45809 | G69: 5 | H69: 3 | I69: 1 | J69: 1 | K69: 0 | L69: 744.35 | M69: =L69*H69 -> 2233.05 | N69: 1697 | O69: 4243 | P69: 45988 | Q69: =O69-M69+N69 -> 3706.95 | S69: 46023
A70: 308280510 | B70: לוי דור | C70: רפאל | D70: 45860 | E70: 45860 | F70: 45839 | G70: 1 | H70: 1 | I70: 0 | J70: 0 | K70: 0 | L70: 744.35 | M70: =L70*H70 -> 744.35 | O70: 424 | P70: 45988 | Q70: =O70-M70+N70 -> -320.35 | S70: 46023 | T70: שולם עבור שלושת השורות יחד
A71: 308280510 | B71: לוי דור | C71: רפאל | D71: 45874 | E71: 45876 | F71: 45870 | G71: 3 | H71: 3 | I71: 0 | J71: 0 | K71: 0 | L71: 744.35 | M71: =L71*H71 -> 2233.05 | O71: 2546 | P71: 46054 | Q71: =O71-M71+N71 -> 312.95 | S71: 46023
A72: 308280510 | B72: לוי דור | C72: רפאל | D72: 45888 | E72: 45890 | F72: 45870 | G72: 3 | H72: 3 | I72: 0 | J72: 0 | K72: 0 | L72: 744.35 | M72: =L72*H72 -> 2233.05 | O72: 2546 | P72: 46054 | Q72: =O72-M72+N72 -> 312.95 | S72: 46023
A73: 11915519 | B73: מנפרד מרקוביץ' | C73: רפאל | D73: 45664 | E73: 45664 | F73: 45658 | G73: 1 | H73: 1 | I73: 0 | J73: 0 | K73: 0 | L73: ='📈 היסטוריית שכר'!C20 -> 845.92 | M73: =L73*H73 -> 845.92 | O73: =2874/2 -> 1437 | P73: 45697 | Q73: =O73-M73 -> 591.08 | S73: 45717
A74: 11915519 | B74: מנפרד מרקוביץ' | C74: רפאל | D74: 45664 | E74: 45664 | F74: 45658 | G74: 1 | I74: 0 | J74: 0 | K74: 0 | L74: 845.92 | M74: =L74*H74 -> 0 | N74: 575 | P74: 45775 | Q74: =N74-M74 -> 575 | S74: 45717
A75: 11915519 | B75: מנפרד מרקוביץ' | C75: רפאל | D75: 45673 | E75: 45673 | F75: 45658 | G75: 1 | H75: 1 | I75: 0 | J75: 0 | K75: 0 | L75: 845.92 | M75: =L75*H75 -> 845.92 | O75: =2874/2 -> 1437 | P75: 45697 | Q75: =O75-M75 -> 591.08 | S75: 45717
A76: 11915519 | B76: מנפרד מרקוביץ' | C76: רפאל | D76: 45673 | E76: 45673 | F76: 45658 | G76: 1 | I76: 0 | J76: 0 | K76: 0 | L76: 845.92 | M76: =L76*H76 -> 0 | N76: 575 | P76: 45775 | Q76: =N76-M76 -> 575 | S76: 45717
A77: 11915519 | B77: מנפרד מרקוביץ' | C77: רפאל | D77: 45712 | E77: 45716 | F77: 45689 | G77: 5 | H77: 4 | I77: 1 | J77: 0 | K77: 0 | L77: 845.92 | M77: =L77*H77 -> 3383.68 | O77: 7184 | P77: 45770 | Q77: =O77-M77 -> 3800.32 | S77: 46023
A78: 11915519 | B78: מנפרד מרקוביץ' | C78: רפאל | D78: 45735 | E78: 45736 | F78: 45717 | G78: 2 | H78: 2 | I78: 0 | J78: 0 | K78: 0 | L78: 845.92 | M78: =L78*H78 -> 1691.84 | O78: 2873 | P78: 45770 | Q78: =O78-M78 -> 1181.16 | S78: 46023
A79: 11915519 | B79: מנפרד מרקוביץ' | C79: רפאל | D79: 45735 | E79: 45736 | F79: 45717 | G79: 2 | I79: 0 | J79: 0 | K79: 0 | L79: 845.92 | M79: =L79*H79 -> 0 | N79: 1149 | P79: 45834 | Q79: =N79-M79 -> 1149 | S79: 46023
A80: 11915519 | B80: מנפרד מרקוביץ' | C80: רפאל | D80: 45742 | E80: 45742 | F80: 45717 | G80: 1 | H80: 1 | I80: 0 | J80: 0 | K80: 0 | L80: 845.92 | M80: =L80*H80 -> 845.92 | O80: 1437 | P80: 45770 | Q80: =O80-M80 -> 591.08 | S80: 46023
A81: 11915519 | B81: מנפרד מרקוביץ' | C81: רפאל | D81: 45742 | E81: 45742 | F81: 45717 | G81: 1 | H81: 0 | I81: 0 | J81: 0 | K81: 0 | L81: 845.92 | M81: =L81*H81 -> 0 | N81: 575 | P81: 45834 | Q81: =N81-M81 -> 575 | S81: 46023
A82: 11915519 | B82: מנפרד מרקוביץ' | C82: רפאל | D82: 45749 | E82: 45749 | F82: 45748 | G82: 1 | H82: 1 | I82: 0 | J82: 0 | K82: 0 | L82: 845.92 | M82: =L82*H82 -> 845.92 | O82: 1437 | P82: 45877 | Q82: =O82-M82 -> 591.08 | S82: 45931
A83: 11915519 | B83: מנפרד מרקוביץ' | C83: רפאל | D83: 45755 | E83: 45755 | F83: 45748 | G83: 1 | H83: 1 | I83: 0 | J83: 0 | K83: 0 | L83: 845.92 | M83: =L83*H83 -> 845.92 | O83: 1437 | P83: 45877 | Q83: =O83-M83 -> 591.08 | S83: 45931
A84: 11915519 | B84: מנפרד מרקוביץ' | C84: רפאל | D84: 45781 | E84: 45781 | F84: 45778 | G84: 1 | H84: 1 | I84: 0 | J84: 0 | K84: 0 | L84: 845.92 | M84: =L84*H84 -> 845.92 | O84: 891 | P84: 45877 | Q84: =O84-M84 -> 45.08 | S84: 45931
A85: 11915519 | B85: מנפרד מרקוביץ' | C85: רפאל | D85: 45784 | E85: 45784 | F85: 45778 | G85: 1 | H85: 1 | I85: 0 | J85: 0 | K85: 0 | L85: 845.92 | M85: =L85*H85 -> 845.92 | O85: 891 | P85: 45877 | Q85: =O85-M85 -> 45.08 | S85: 45931
A86: 11915519 | B86: מנפרד מרקוביץ' | C86: רפאל | D86: 45789 | E86: 45789 | F86: 45778 | G86: 1 | H86: 1 | I86: 0 | J86: 0 | K86: 0 | L86: 845.92 | M86: =L86*H86 -> 845.92 | O86: 891 | P86: 45877 | Q86: =O86-M86 -> 45.08 | S86: 45931
A87: 11915519 | B87: מנפרד מרקוביץ' | C87: רפאל | D87: 45801 | E87: 45801 | F87: 45778 | G87: 1 | H87: 1 | I87: 0 | J87: 0 | K87: 0 | L87: 845.92 | M87: =L87*H87 -> 845.92 | O87: 891 | P87: 45877 | Q87: =O87-M87 -> 45.08 | S87: 45931
A88: 11915519 | B88: מנפרד מרקוביץ' | C88: רפאל | D88: 45802 | E88: 45808 | F88: 45778 | G88: 7 | H88: 5 | I88: 1 | J88: 1 | K88: 0 | L88: 845.92 | M88: =L88*H88 -> 4229.6 | O88: 6234 | P88: 45877 | Q88: =O88-M88 -> 2004.4 | S88: 45931
A89: 11915519 | B89: מנפרד מרקוביץ' | C89: רפאל | D89: 45809 | E89: 45838 | F89: 45809 | G89: 30 | H89: 22 | I89: 4 | J89: 4 | K89: 0 | L89: 845.92 | M89: =L89*H89 -> 18610.24 | O89: 26717 | P89: 45877 | Q89: =O89-M89 -> 8106.76 | S89: 45931
A90: 11915519 | B90: מנפרד מרקוביץ' | C90: רפאל | D90: 45839 | E90: 45869 | F90: 45839 | G90: 31 | H90: 23 | I90: 4 | J90: 4 | K90: 0 | L90: 845.92 | M90: =L90*H90 -> 19456.16 | O90: 27607 | P90: 45877 | Q90: =O90-M90 -> 8150.84 | S90: 45931
A91: 25147505 | B91: משה בורך | C91: רפאל | D91: 45666 | E91: 45666 | F91: 45658 | G91: 1 | H91: 1 | I91: 0 | J91: 0 | K91: 0 | L91: ='📈 היסטוריית שכר'!C22 -> 868.68 | M91: =L91*H91 -> 868.68 | O91: 763 | P91: 45708 | Q91: =O91-M91 -> -105.68 | S91: 45717
A92: 25147505 | B92: משה בורך | C92: רפאל | D92: 45666 | E92: 45666 | F92: 45658 | G92: 1 | I92: 0 | J92: 0 | K92: 0 | L92: 868.68 | M92: =L92*H92 -> 0 | N92: 305 | O92: 763 | P92: 45775 | Q92: =N92-M92 -> 305 | T92: הפרש שלילי- להחלטה של בני
A93: 25147505 | B93: משה בורך | C93: רפאל | D93: 45686 | E93: 45687 | F93: 45658 | G93: 2 | H93: 2 | I93: 0 | J93: 0 | K93: 0 | L93: 868.68 | M93: =L93*H93 -> 1737.36 | O93: 2137 | P93: 45700 | Q93: =O93-M93 -> 399.64 | S93: 45717 | T93: הפרש שלילי- להחלטה של בני
A94: 25147505 | B94: משה בורך | C94: רפאל | D94: 45711 | E94: 45711 | F94: 45689 | G94: 1 | H94: 0 | I94: 0 | J94: 1 | K94: 0 | L94: 868.68 | M94: =L94*H94 -> 0 | O94: 1107 | P94: 45770 | Q94: =O94-M94 -> 1107 | T94: הפרש שלילי- להחלטה של בני
A95: 25147505 | B95: משה בורך | C95: רפאל | D95: 45714 | E95: 45714 | F95: 45689 | G95: 1 | H95: 1 | I95: 0 | J95: 0 | K95: 0 | L95: 868.68 | M95: =L95*H95 -> 868.68 | O95: 1107 | P95: 46054 | Q95: =O95-M95 -> 238.32 | T95: הפרש שלילי- להחלטה של בני
A96: 25147505 | B96: משה בורך | C96: רפאל | D96: 45774 | E96: 45774 | F96: 45748 | G96: 1 | H96: 1 | I96: 0 | J96: 0 | K96: 0 | L96: 868.68 | M96: =L96*H96 -> 868.68 | O96: 1138 | P96: 46054 | Q96: =O96-M96 -> 269.32 | T96: הפרש שלילי- להחלטה של בני
A97: 25147505 | B97: משה בורך | C97: רפאל | D97: 45721 | E97: 45721 | F97: 45717 | G97: 1 | H97: 1 | I97: 0 | J97: 0 | K97: 0 | L97: 868.68 | M97: =L97*H97 -> 868.68 | O97: 1136 | P97: 45877 | Q97: =O97-M97 -> 267.32 | T97: הפרש שלילי- להחלטה של בני
A98: 25147505 | B98: משה בורך | C98: רפאל | D98: 45740 | E98: 45741 | F98: 45717 | G98: 2 | H98: 2 | I98: 0 | J98: 0 | K98: 0 | L98: 868.68 | M98: =L98*H98 -> 1737.36 | O98: 2273 | P98: 45877 | Q98: =O98-M98 -> 535.64 | T98: הפרש שלילי- להחלטה של בני
A99: 25147505 | B99: משה בורך | C99: רפאל | D99: 45743 | E99: 45743 | F99: 45717 | G99: 1 | H99: 1 | I99: 0 | J99: 0 | K99: 0 | L99: 868.68 | M99: =L99*H99 -> 868.68 | O99: 1136 | P99: 45877 | Q99: =O99-M99 -> 267.32 | T99: הפרש שלילי- להחלטה של בני
A100: 25147505 | B100: משה בורך | C100: רפאל | D100: 45768 | E100: 45768 | F100: 45748 | G100: 1 | H100: 1 | I100: 0 | J100: 0 | K100: 0 | L100: 868.68 | M100: =L100*H100 -> 868.68 | O100: 1138 | P100: 45877 | Q100: =O100-M100 -> 269.32 | T100: הפרש שלילי- להחלטה של בני
...

Sheet מילואים 2025- מקאנו
A1: תאריך | B1: שם עובד | C1: מחלקה | D1: מילואים | E1: הגשה
A2: 45956 | B2: אבישי שרון מהדקאר | C2: תומר | D2: 1
A3: 45957 | B3: אבישי שרון מהדקאר | C3: תומר | D3: 1
A4: 45958 | B4: אבישי שרון מהדקאר | C4: תומר | D4: 1
A5: 45959 | B5: אבישי שרון מהדקאר | C5: תומר | D5: 1
A6: 45977 | B6: אבישי שרון מהדקאר | C6: תומר | D6: 1
A7: 45978 | B7: אבישי שרון מהדקאר | C7: תומר | D7: 1
A8: 45979 | B8: אבישי שרון מהדקאר | C8: תומר | D8: 1
A9: 45735 | B9: אוראל שווקי | C9: רפאל | D9: 1
A10: 46005 | B10: אוראל שווקי | C10: רפאל | D10: 1 | E10: 08.01.2026
A11: 46006 | B11: אוראל שווקי | C11: רפאל | D11: 1 | E11: 08.01.2026
A12: 45901 | B12: אורי אשתר | C12: מל"מ | D12: 1
A13: 45902 | B13: אורי אשתר | C13: מל"מ | D13: 1
A14: 45903 | B14: אורי אשתר | C14: מל"מ | D14: 1
A15: 45904 | B15: אורי אשתר | C15: מל"מ | D15: 1
A16: 45905 | B16: אורי אשתר | C16: מל"מ | D16: 1
A17: 45906 | B17: אורי אשתר | C17: מל"מ | D17: 1
A18: 45907 | B18: אורי אשתר | C18: מל"מ | D18: 1
A19: 45908 | B19: אורי אשתר | C19: מל"מ | D19: 1
A20: 45909 | B20: אורי אשתר | C20: מל"מ | D20: 1
A21: 45910 | B21: אורי אשתר | C21: מל"מ | D21: 1
A22: 45911 | B22: אורי אשתר | C22: מל"מ | D22: 1
A23: 45912 | B23: אורי אשתר | C23: מל"מ | D23: 1
... A33: 45973 | B33: אורי דוד עברי | C33: מל"מ | D33: 1
A34: 45998 | B34: אורי דוד עברי | C34: מל"מ | D34: 1 | E34: 08.01.2026
A35: 45999 | B35: אורי דוד עברי | C35: מל"מ | D35: 1 | E35: 08.01.2026
A36: 46009 | B36: אורי דוד עברי | C36: מל"מ | D36: 1 | E36: 08.01.2026
A37: 46014 | B37: אורי דוד עברי | C37: מל"מ | D37: 1 | E37: 08.01.2026
A38: 46019 | B38: אורי דוד עברי | C38: מל"מ | D38: 1 | E38: 08.01.2026
A39: 45658 | B39: אייל מלח | C39: רפאל | D39: 1
A40: 45659 | B40: אייל מלח | C40: רפאל | D40: 1
A41: 45660 | B41: אייל מלח | C41: רפאל | D41: 1
A42: 45796 | B42: אייל מלח | C42: רפאל | D42: 1
A43: 45797 | B43: אייל מלח | C43: רפאל | D43: 1
A44: 45798 | B44: אייל מלח | C44: רפאל | D44: 1
A45: 45820 | B45: אייל מלח | C45: רפאל | D45: 1
A46: 45821 | B46: אייל מלח | C46: רפאל | D46: 1
A47: 45822 | B47: אייל מלח | C47: רפאל | D47: 1
A48: 45823 | B48: אייל מלח | C48: רפאל | D48: 1
A49: 45824 | B49: אייל מלח | C49: רפאל | D49: 1
A50: 45825 | B50: אייל מלח | C50: רפאל | D50: 1
... A66: 45914 | B66: אייל מלח | C66: רפאל | D66: 1
A67: 46015 | B67: איתי קעטבי | C67: מל"מ | D67: 1 | E67: 08.01.2026
A68: 45676 | B68: אריאל אליה | C68: מל"מ | D68: 1
A69: 45677 | B69: אריאל אליה | C69: מל"מ | D69: 1
A70: 45678 | B70: אריאל אליה | C70: מל"מ | D70: 1
A71: 45679 | B71: אריאל אליה | C71: מל"מ | D71: 1
A72: 45718 | B72: אריאל אליה | C72: מל"מ | D72: 1
A73: 45719 | B73: אריאל אליה | C73: מל"מ | D73: 1
A74: 45720 | B74: אריאל אליה | C74: מל"מ | D74: 1
A75: 45721 | B75: אריאל אליה | C75: מל"מ | D75: 1
A76: 45770 | B76: אריאל אליה | C76: מל"מ | D76: 1
A77: 45774 | B77: אריאל אליה | C77: מל"מ | D77: 1
A78: 45781 | B78: אריאל אליה | C78: מל"מ | D78: 1
A79: 45782 | B79: אריאל אליה | C79: מל"מ | D79: 1
... A200: 45979 | B200: דניאל בנדרימר | C200: מל"מ | D200: 1
A201: 45998 | B201: דניאל בנדרימר | C201: מל"מ | D201: 1 | E201: 08.01.2026
A202: 45999 | B202: דניאל בנדרימר | C202: מל"מ | D202: 1 | E202: 08.01.2026
A203: 46000 | B203: דניאל בנדרימר | C203: מל"מ | D203: 1 | E203: 08.01.2026
A204: 46001 | B204: דניאל בנדרימר | C204: מל"מ | D204: 1 | E204: 08.01.2026
A205: 46002 | B205: דניאל בנדרימר | C205: מל"מ | D205: 1 | E205: 08.01.2026
A206: 46006 | B206: דניאל בנדרימר | C206: מל"מ | D206: 1 | E206: 08.01.2026
A207: 46008 | B207: דניאל בנדרימר | C207: מל"מ | D207: 1 | E207: 08.01.2026
A208: 45813 | B208: חיים ראש | C208: מל"מ | D208: 1
A209: 45708 | B209: יום טוב מוסארי | C209: רוה"מ | D209: 1
A210: 45711 | B210: יום טוב מוסארי | C210: רוה"מ | D210: 1
A211: 45820 | B211: יום טוב מוסארי | C211: רוה"מ | D211: 1
A212: 45821 | B212: יום טוב מוסארי | C212: רוה"מ | D212: 1
A213: 45822 | B213: יום טוב מוסארי | C213: רוה"מ | D213: 1
A214: 45823 | B214: יום טוב מוסארי | C214: רוה"מ | D214: 1
A215: 45824 | B215: יום טוב מוסארי | C215: רוה"מ | D215: 1
A216: 45825 | B216: יום טוב מוסארי | C216: רוה"מ | D216: 1
A217: 45826 | B217: יום טוב מוסארי | C217: רוה"מ | D217: 1
A218: 45827 | B218: יום טוב מוסארי | C218: רוה"מ | D218: 1
A219: 45828 | B219: יום טוב מוסארי | C219: רוה"מ | D219: 1
... A299: 45959 | B299: לאון שמייב | C299: רוה"מ | D299: 1
A300: 45992 | B300: לאון שמייב | C300: רוה"מ | D300: 1 | E300: 08.01.2026
A301: 45679 | B301: לוי דור | C301: רפאל | D301: 1
A302: 45680 | B302: לוי דור | C302: רפאל | D302: 1
A303: 45681 | B303: לוי דור | C303: רפאל | D303: 1
A304: 45682 | B304: לוי דור | C304: רפאל | D304: 1
A305: 45683 | B305: לוי דור | C305: רפאל | D305: 1
A306: 45684 | B306: לוי דור | C306: רפאל | D306: 1
A307: 45685 | B307: לוי דור | C307: רפאל | D307: 1
A308: 45686 | B308: לוי דור | C308: רפאל | D308: 1
A309: 45687 | B309: לוי דור | C309: רפאל | D309: 1
A310: 45769 | B310: לוי דור | C310: רפאל | D310: 1
A311: 45770 | B311: לוי דור | C311: רפאל | D311: 1
A312: 45771 | B312: לוי דור | C312: רפאל | D312: 1
... A338: 45991 | B338: לוי דור | C338: רפאל | D338: 1
A339: 45992 | B339: לוי דור | C339: רפאל | D339: 1 | E339: 08.01.2026
A340: 45993 | B340: לוי דור | C340: רפאל | D340: 1 | E340: 08.01.2026
A341: 45664 | B341: מנפרד מרקוביץ' | C341: רפאל | D341: 1
A342: 45673 | B342: מנפרד מרקוביץ' | C342: רפאל | D342: 1
A343: 45712 | B343: מנפרד מרקוביץ' | C343: רפאל | D343: 1
A344: 45713 | B344: מנפרד מרקוביץ' | C344: רפאל | D344: 1
A345: 45714 | B345: מנפרד מרקוביץ' | C345: רפאל | D345: 1
A346: 45715 | B346: מנפרד מרקוביץ' | C346: רפאל | D346: 1
A347: 45716 | B347: מנפרד מרקוביץ' | C347: רפאל | D347: 1
A348: 45735 | B348: מנפרד מרקוביץ' | C348: רפאל | D348: 1
...
